,customer_id,prediction,stay,churn
0,1062-LHZOD,1,0.30845173261913933,0.6915482673808607
1,8205-OTCHB,0,0.9323399271433633,0.06766007285663635
2,6173-GOLSU,0,0.6257278869758874,0.37427211302411245
3,7817-OMJNA,0,0.960579845893522,0.039420154106477534
4,0702-PGIBZ,1,0.3475202115940863,0.6524797884059139
5,7435-ZNUYY,0,0.958087191465545,0.0419128085344547
6,2234-XADUH,0,0.8710364641873349,0.12896353581266506
7,2187-PKZAY,1,0.4318359725972256,0.5681640274027743
8,6993-OHLXR,1,0.39292674359093005,0.60707325640907
9,6285-FTQBF,0,0.9819762035415509,0.018023796458448992
10,0825-CPPQH,0,0.9796104318338615,0.020389568166138163
11,9871-ELEYA,0,0.9201779117150538,0.07982208828494616
12,1545-JFUML,0,0.8911347815780664,0.10886521842193388
13,0365-GXEZS,0,0.5777348925748576,0.4222651074251427
14,1910-FMXJM,0,0.5876416124106365,0.41235838758936355
15,2027-WKXMW,0,0.7250979751907038,0.27490202480929593
16,0679-IDSTG,1,0.30824262278917397,0.691757377210826
17,2958-NHPPS,0,0.845566826350878,0.15443317364912149
18,3324-OIRTO,0,0.8568544335180772,0.14314556648192295
19,3932-IJWDZ,0,0.5798427902991005,0.42015720970089954
20,7675-OZCZG,0,0.5394023056379783,0.4605976943620218
21,1397-XKKWR,0,0.920032078265985,0.07996792173401471
22,0665-XHDJU,0,0.8918921603025661,0.10810783969743396
23,2720-WGKHP,1,0.3048118193320902,0.69518818066791
24,7957-RYHQD,0,0.5882358491324048,0.4117641508675953
25,7733-UDMTP,0,0.7923495275217696,0.20765047247823
26,0402-CQAJN,0,0.5156573491233474,0.4843426508766527
27,7980-MHFLQ,0,0.9823842035078091,0.01761579649219073
28,0201-OAMXR,0,0.8683185690315689,0.13168143096843082
29,4619-EVPHY,0,0.7894155281781792,0.21058447182182047
30,0839-QNXME,0,0.966640232372044,0.03335976762795573
31,7173-TETGO,0,0.9134323305005142,0.08656766949948609
32,8067-NIOYM,0,0.9752939162713139,0.02470608372868611
33,6848-HJTXY,0,0.9791097746560601,0.020890225343939427
34,1550-LOAHA,0,0.5876416124106365,0.41235838758936355
35,5077-DXTCG,1,0.48663955548679705,0.5133604445132028
36,2718-YSKCS,0,0.9840945532454749,0.015905446754524943
37,2050-ONYDQ,0,0.9718221356570156,0.028177864342984478
38,9572-MTILT,0,0.7023815892144981,0.29761841078550183
39,8152-VETUR,0,0.8992560437051512,0.10074395629484899
40,3990-QYKBE,0,0.5637693569562703,0.43623064304372966
41,7136-RVDTZ,0,0.9526138835236279,0.04738611647637204
42,2606-RMDHZ,0,0.7137530232422086,0.28624697675779137
43,3546-GHEAE,0,0.961783749830249,0.03821625016975083
44,7048-GXDAY,0,0.5187067007673895,0.48129329923261055
45,8605-ITULD,0,0.5849780154200556,0.41502198457994444
46,0848-ZGQIJ,1,0.4550148444014896,0.5449851555985102
47,8028-PNXHQ,0,0.9771504180906022,0.022849581909397856
48,5914-GXMDA,0,0.9743987064998424,0.02560129350015726
49,9537-VHDTA,0,0.5562940113877037,0.44370598861229626
50,1163-VIPRI,0,0.866105083602761,0.1338949163972392
51,1450-SKCVI,0,0.6268917502547525,0.37310824974524737
52,5161-UBZXI,0,0.8863937963513397,0.11360620364866034
53,6051-PTVNS,0,0.9762724254155744,0.02372757458442546
54,5302-BDJNT,0,0.5962727121604736,0.4037272878395262
55,3489-VSFRD,0,0.9405182116391491,0.059481788360850996
56,0520-FDVVT,0,0.7770143629601525,0.22298563703984672
57,6927-WTFIV,0,0.5599188002456972,0.4400811997543029
58,0754-UKWQP,1,0.33871303333672464,0.6612869666632756
59,6671-NGWON,0,0.8115816051155964,0.18841839488440307
60,8857-CUPFQ,0,0.9791097746560601,0.020890225343939427
61,9108-EJFJP,0,0.5302099048507241,0.46979009514927594
62,7932-WPTDS,0,0.547792787861982,0.452207212138018
63,2811-POVEX,0,0.5758032654304521,0.4241967345695478
64,0621-CXBKL,0,0.9650488312188986,0.03495116878110112
65,9102-IAYHT,0,0.5115996354728553,0.48840036452714464
66,1052-QJIBV,0,0.9841328288689449,0.015867171131055163
67,9220-ZNKJI,0,0.875792869543019,0.1242071304569809
68,3445-HXXGF,0,0.807778670036884,0.1922213299631157
69,7621-VPNET,0,0.6353258860362894,0.36467411396371047
70,7243-LCGGZ,0,0.5446359095759887,0.4553640904240114
71,2680-XKKNJ,0,0.912814604479214,0.08718539552078602
72,0082-OQIQY,0,0.6366125896021886,0.36338741039781136
73,6583-QGCSI,0,0.5695439680252734,0.4304560319747266
74,2484-DGXPZ,0,0.8861724948652739,0.11382750513472598
75,5317-FLPJF,0,0.9533679984933352,0.04663200150666521
76,0722-TROQR,1,0.3536568403114329,0.6463431596885673
77,4518-FZBSX,0,0.9804189168684845,0.01958108313151512
78,7153-CHRBV,0,0.9554858302485133,0.04451416975148677
79,2176-OSJUV,0,0.9709901579560988,0.02900984204390164
80,2737-WFVYW,0,0.5017548011539992,0.49824519884600077
81,2362-IBOOY,0,0.5504086777246938,0.44959132227530624
82,7861-UVUFT,1,0.4493504686695603,0.5506495313304396
83,0533-BNWKF,0,0.6201991308871753,0.3798008691128247
84,0876-WDUUZ,1,0.4489456387015913,0.5510543612984087
85,0727-BNRLG,0,0.8882682508362759,0.11173174916372412
86,5016-LIPDW,0,0.9717894678711138,0.02821053212888604
87,9776-CLUJA,0,0.5746712688734231,0.425328731126577
88,3525-DVKFN,0,0.9631553910481611,0.036844608951838706
89,5155-AZQPB,0,0.8296662876564518,0.17033371234354838
90,4685-TFLLS,0,0.9742989409924877,0.025701059007511726
91,7020-OZKXZ,1,0.42578103790858246,0.5742189620914178
92,4632-PAOYU,0,0.9757565376756401,0.024243462324359494
93,5297-MDOIR,0,0.877822462052139,0.12217753794786118
94,6416-YJTTB,1,0.4341568232675908,0.5658431767324091
95,5708-EVONK,0,0.6194181891933783,0.38058181080662157
96,0215-BQKGS,0,0.5893370940567723,0.41066290594322785
97,3283-WCWXT,0,0.9638710977464732,0.03612890225352706
98,4334-HOWRP,0,0.9655070912031479,0.03449290879685249
99,7267-FRMJW,0,0.9741282022683879,0.02587179773161182
100,9822-BIIGN,0,0.862699076212325,0.13730092378767508
101,6865-JZNKO,0,0.7841382111193249,0.21586178888067475
102,8495-LJDFO,0,0.6971039442416835,0.30289605575831585
103,1213-NGCUN,0,0.7156696493289878,0.2843303506710122
104,3696-XRIEN,0,0.9358788791322786,0.06412112086772155
105,6987-XQSJT,0,0.5943633271694153,0.4056366728305848
106,3244-DCJWY,1,0.2851235444101205,0.7148764555898794
107,6711-FLDFB,1,0.3846143323363279,0.6153856676636722
108,5067-WJEUN,0,0.9491748020474589,0.05082519795254109
109,2150-WLKUW,0,0.9326165297745118,0.06738347022548817
110,3088-FVYWK,0,0.9696643440454231,0.030335655954576893
111,7013-PSXHK,0,0.920094142727299,0.07990585727270104
112,0396-UKGAI,0,0.8257101932794739,0.17428980672052635
113,6519-ZHPXP,0,0.9201160108285689,0.07988398917143127
114,7952-OBOYL,1,0.46597920374961066,0.5340207962503893
115,4091-TVOCN,0,0.9238188848913294,0.07618111510867064
116,8670-ERCJH,0,0.9171132879353995,0.08288671206460042
117,4060-LDNLU,1,0.34068033429133543,0.6593196657086645
118,5945-AZYHT,0,0.8596153439453909,0.1403846560546092
119,7244-KXYZN,0,0.9649780265615009,0.03502197343849896
120,3423-HHXAO,0,0.9702791307869298,0.02972086921307016
121,4931-TRZWN,0,0.7044423562336404,0.2955576437663593
122,7408-OFWXJ,0,0.9779013063925289,0.022098693607471756
123,6194-HBGQN,0,0.9373634329080223,0.06263656709197783
124,4277-UDIEF,0,0.8135284422306848,0.18647155776931515
125,3001-UNBTL,0,0.5386816687432904,0.46131833125670973
126,1248-DYXUB,0,0.9749818949953147,0.02501810500468518
127,5192-EBGOV,1,0.26759218726989364,0.7324078127301062
128,1816-FLZDK,0,0.5755525151565785,0.42444748484342165
129,4568-TTZRT,0,0.814508695849761,0.18549130415023857
130,5167-GBFRE,0,0.6459002249677591,0.3540997750322408
131,3891-NLXJB,0,0.9407745033098703,0.05922549669012962
132,2842-JTCCU,1,0.4993772262187579,0.500622773781242
133,9473-CBZOP,0,0.9302694869825181,0.06973051301748164
134,4983-CLMLV,0,0.6460369033203577,0.3539630966796425
135,9375-MHRRS,0,0.7156696493289878,0.2843303506710122
136,4223-BKEOR,0,0.9236007555745093,0.07639924442549081
137,9297-FVVDH,0,0.9562337079636368,0.04376629203636347
138,4090-KPJIP,1,0.3510848562653369,0.6489151437346632
139,6537-QLGEX,0,0.7628778812183039,0.23712211878169573
140,6464-KEXXH,0,0.752182220389465,0.24781777961053486
141,4505-EXZHB,1,0.4125153917970228,0.5874846082029775
142,7470-MCQTK,0,0.7704474084071447,0.22955259159285502
143,5564-NEMQO,1,0.28739529812454945,0.7126047018754508
144,1022-RKXDR,0,0.9417567488443183,0.05824325115568139
145,8107-RZLNV,0,0.8747709241458145,0.12522907585418538
146,6357-JJPQT,1,0.3814746431826459,0.6185253568173544
147,5515-IDEJJ,0,0.684662897217376,0.3153371027826238
148,5087-SUURX,0,0.7926513430384535,0.2073486569615459
149,1320-GVNHT,0,0.8727096085429819,0.12729039145701826
150,8882-TLVRW,0,0.9768700304082525,0.023129969591747887
151,3002-WQZWT,0,0.5553974518487408,0.44460254815125927
152,2208-NQBCT,0,0.5770017644624126,0.42299823553758736
153,2933-FILNV,0,0.6332767909106732,0.3667232090893267
154,0960-HUWBM,0,0.863944126880573,0.13605587311942718
155,0134-XWXCE,0,0.9253608008138259,0.07463919918617408
156,9907-SWKKF,1,0.4977946569600492,0.5022053430399508
157,2039-JONDJ,0,0.9308757664323434,0.06912423356765653
158,1400-WIVLL,0,0.7925406766228087,0.20745932337719086
159,5480-HPRRX,0,0.5719483145626956,0.4280516854373044
160,6608-QQLVK,1,0.4829447868478563,0.5170552131521435
161,5647-FXOTP,0,0.6215286207388323,0.37847137926116753
162,8580-QVLOC,0,0.9769129787997237,0.023087021200276957
163,0621-JFHOL,0,0.9152261281454982,0.08477387185450186
164,9708-HPXWZ,0,0.6883478726249321,0.31165212737506814
165,9350-VLHMB,0,0.6373870176582138,0.362612982341786
166,5982-XMDEX,0,0.9576114544251837,0.04238854557481622
167,9209-NWPGU,0,0.9253954069751963,0.07460459302480375
168,3943-KDREE,0,0.548277408790195,0.451722591209805
169,1101-SSWAG,0,0.7686718968357513,0.231328103164248
170,1247-QBVSH,0,0.830658353568061,0.16934164643193925
171,1360-RCYRT,0,0.8201294912334092,0.17987050876659105
172,0023-UYUPN,0,0.9598372261192734,0.04016277388072659
173,4195-SMMNX,0,0.6409419426035728,0.35905805739642715
174,5213-TWWJU,0,0.6557256983976827,0.34427430160231737
175,7711-YIJWC,0,0.9596046811848413,0.04039531881515919
176,9405-GPBBG,0,0.8302663772149466,0.16973362278505355
177,8390-FESFV,0,0.9560956010611457,0.04390439893885488
178,9770-LXDBK,0,0.6716198643123795,0.32838013568762064
179,5578-NKCXI,0,0.8279332927274211,0.17206670727257886
180,5215-LNLDJ,0,0.8240735741635516,0.17592642583644819
181,0524-IAVZO,0,0.5706452129496409,0.4293547870503591
182,3407-QGWLG,0,0.7176188941502072,0.28238110584979287
183,8212-CRQXP,0,0.5771165362538091,0.42288346374619096
184,5046-NUHWD,0,0.7952621536539409,0.20473784634605877
185,2523-EWWZL,0,0.5776256363349754,0.4223743636650246
186,5055-BRMNE,0,0.8616889405623719,0.13831105943762817
187,5173-ZXXXL,0,0.8887127175332462,0.11128728246675376
188,4767-HZZHQ,0,0.590717909247958,0.4092820907520421
189,4482-EWFMI,1,0.34161976545695966,0.6583802345430404
190,4415-IJZTP,1,0.27308684383724857,0.7269131561627513
191,1689-MRZQR,0,0.5938392545693661,0.40616074543063385
192,8417-GSODA,0,0.829786362484176,0.1702136375158241
193,9297-EONCV,0,0.9704810409552461,0.029518959044754475
194,4018-PPNDW,0,0.9771504180906022,0.022849581909397856
195,5989-PGKJB,1,0.4920478788385633,0.5079521211614366
196,6175-IRFIT,1,0.3851881294957619,0.6148118705042382
197,9488-FVZCC,0,0.9792228033176679,0.020777196682332875
198,2153-MREFK,0,0.7995892454137443,0.20041075458625532
199,3521-HTQTV,0,0.9480193152703581,0.0519806847296418
200,8749-TZYEC,0,0.9736883123118253,0.026311687688174597
201,0093-XWZFY,0,0.5164294234901121,0.4835705765098878
202,2862-JVEOY,0,0.9582611252034064,0.041738874796593356
203,5879-SESNB,1,0.41498024671603817,0.5850197532839618
204,6867-ACCZI,0,0.9350586538341523,0.0649413461658477
205,0871-URUWO,1,0.37537328252195956,0.6246267174780402
206,9443-JUBUO,0,0.9712609259689716,0.0287390740310286
207,3397-AVTKU,0,0.93360060544792,0.06639939455207987
208,5327-CNLUQ,0,0.800642456143723,0.1993575438562765
209,7101-HRBLJ,0,0.9713301375453421,0.02866986245465846
210,7269-JISCY,0,0.9372845296802921,0.06271547031970773
211,4377-VDHYI,0,0.8242325241400552,0.17576747585994468
212,5537-UXXVS,0,0.8532533460382652,0.14674665396173428
213,4884-TVUQF,0,0.8159454060275163,0.18405459397248308
214,1866-OBPNR,1,0.30840450904557243,0.6915954909544277
215,9547-ITEFG,1,0.3798692710333247,0.6201307289666752
216,2789-CZANW,0,0.867244668770338,0.13275533122966202
217,7018-FPXHH,0,0.9443410678590172,0.05565893214098261
218,7799-LGRDP,0,0.9481281843984982,0.05187181560150148
219,5832-EXGTT,0,0.8367338848008902,0.16326611519910983
220,2485-ITVKB,0,0.5494784240789377,0.4505215759210624
221,4795-KTRTH,1,0.3520622918609586,0.6479377081390413
222,5698-BQJOH,1,0.3597144984242621,0.6402855015757379
223,6754-WKSHP,0,0.954857905760559,0.045142094239441016
224,5950-AAAGJ,0,0.51595058909253,0.48404941090746995
225,8372-JUXUI,1,0.28393142475299915,0.7160685752470007
226,3744-ZRRDZ,0,0.5480662598206101,0.45193374017939
227,9606-PBKBQ,0,0.5695439680252734,0.4304560319747266
228,7254-IQWOZ,1,0.253703769486873,0.7462962305131271
229,1853-ARAAQ,0,0.7805295035333542,0.21947049646664535
230,6986-IJDHX,0,0.5909191901078877,0.40908080989211226
231,7044-YAACC,1,0.4181017311906628,0.5818982688093375
232,3520-FJGCV,0,0.9341962454539702,0.06580375454602984
233,7246-ZGQDF,0,0.6100334905692615,0.3899665094307386
234,2550-QHZGP,0,0.961783749830249,0.03821625016975083
235,9495-REDIY,0,0.9405048023617028,0.05949519763829736
236,3506-LCJDC,0,0.6869356244901033,0.3130643755098965
237,2761-OCIAX,1,0.36665865203916986,0.6333413479608304
238,4919-MOAVT,1,0.39771328937201994,0.6022867106279803
239,1153-GNOLC,0,0.94028932651667,0.05971067348332982
240,6457-USBER,1,0.2817918216126166,0.7182081783873834
241,1929-ZCBHE,0,0.9561463370749873,0.043853662925012825
242,5136-KCKGI,0,0.7644570995956441,0.23554290040435555
243,7083-YNSKY,0,0.7679299406606316,0.23207005933936792
244,0310-SUCIN,0,0.9716696997188383,0.02833030028116231
245,8181-YHCMF,0,0.9667054936960194,0.03329450630398087
246,1956-YIFGE,0,0.7638384828535354,0.23616151714646436
247,1821-BUCWY,0,0.9277215832686231,0.07227841673137682
248,3070-DVEYC,1,0.3948974924971101,0.6051025075028901
249,9090-SGQXL,0,0.6291664115012326,0.3708335884987671
250,3018-TFTSU,1,0.4318359725972256,0.5681640274027743
251,4124-MMETB,0,0.5213188469636367,0.47868115303636327
252,0257-ZESQC,0,0.5744426585749485,0.4255573414250516
253,9926-PJHDQ,0,0.9428192652427135,0.05718073475728678
254,3319-DWOEP,1,0.37453768196282394,0.6254623180371762
255,2091-GPPIQ,0,0.9779728033176679,0.022027196682332873
256,3097-PYWXL,0,0.7861353046170645,0.21386469538293554
257,7605-BDWDC,0,0.931086836232042,0.06891316376795784
258,9889-TMAHG,1,0.4404391604376897,0.5595608395623102
259,1240-KNSEZ,0,0.5798393055718418,0.4201606944281581
260,2460-NGXBJ,1,0.43594117770655527,0.5640588222934447
261,2040-VZIKE,0,0.5362439253664741,0.4637560746335261
262,4570-QHXHL,0,0.7193968137072859,0.280603186292714
263,5404-GGUKR,0,0.6468528416391638,0.35314715836083616
264,2676-OXPPQ,0,0.7334335835853628,0.2665664164146373
265,3113-IWHLC,0,0.6624466912595821,0.33755330874041795
266,5220-AGAAX,0,0.9831654772776323,0.016834522722367688
267,7617-EYGLW,0,0.5890582829785841,0.410941717021416
268,5150-ITWWB,1,0.3160553973589094,0.6839446026410906
269,3143-ILDAL,0,0.7025047975968417,0.2974952024031581
270,5293-WXJAK,1,0.41515622415686354,0.5848437758431363
271,2946-KIQSP,0,0.797238502489555,0.20276149751044478
272,2782-JEEBU,0,0.7958940458186998,0.2041059541812999
273,5609-IMCGG,1,0.42935227756857275,0.5706477224314271
274,3411-WLRSQ,1,0.40185966482019714,0.5981403351798031
275,0774-IFUVM,0,0.7838984845140728,0.2161015154859269
276,3689-MOZGR,0,0.7955202225956387,0.20447977740436116
277,9780-FKVVF,0,0.7572037954184324,0.24279620458156737
278,6907-NZZIJ,0,0.5105611857203273,0.4894388142796728
279,5383-MMTWC,1,0.36845650792806184,0.6315434920719383
280,1470-PSXNM,0,0.8356997409953237,0.1643002590046764
281,2466-NEJOJ,0,0.8607567059192881,0.13924329408071148
282,4226-KKDON,0,0.7718473701942979,0.22815262980570217
283,5346-BZCHP,0,0.9786732803639496,0.021326719636050217
284,4403-BWPAY,0,0.9236353211041731,0.0763646788958266
285,5294-IMHHT,0,0.8202662153031867,0.17973378469681325
286,2790-XUYMV,0,0.901817875615638,0.09818212438436244
287,9025-ZRPVR,0,0.8012130244470278,0.19878697555297184
288,4846-WHAFZ,0,0.5728879246610645,0.42711207533893547
289,2796-NNUFI,0,0.980320786441978,0.019679213558021852
290,8083-YTZES,1,0.3536568403114329,0.6463431596885673
291,8621-MNIHH,0,0.5493104859504203,0.4506895140495797
292,1306-RPWXZ,0,0.9723983084165956,0.02760169158340424
293,3006-XIMLN,1,0.3236698172983472,0.6763301827016529
294,9365-SRSZE,0,0.5596360809945377,0.4403639190054624
295,0872-CASZJ,0,0.9572751859176839,0.04272481408231661
296,6857-TKDJV,0,0.9773024674572055,0.02269753254279454
297,1323-OOEPC,0,0.5451111218955978,0.4548888781044021
298,8100-HZZLJ,0,0.826268452015622,0.17373154798437784
299,4581-LNWUM,0,0.747584519310091,0.2524154806899087
300,5712-PTIWW,1,0.4356226349970517,0.5643773650029481
301,4587-VVTOX,1,0.3544227974292542,0.6455772025707458
302,2894-QOJRX,0,0.7905123127658789,0.20948768723412076
303,5569-KGJHX,1,0.4112188225767211,0.5887811774232788
304,6839-ITVZJ,0,0.8405412659380793,0.15945873406192088
305,9040-KZVWO,0,0.8269416277648353,0.1730583722351642
306,5134-IKDAY,1,0.31019408366583817,0.689805916334162
307,5748-RNCJT,0,0.8462967440460301,0.1537032559539699
308,0557-ASKVU,0,0.9273770739893282,0.07262292601067147
309,2037-XJFUP,0,0.7876566309944308,0.21234336900556877
310,5846-QFDFI,0,0.6410811583643734,0.3589188416356264
311,6408-WHTEF,0,0.9789746865642697,0.02102531343573093
312,7025-WCBNE,0,0.9353546668202681,0.06464533317973209
313,4194-FJARJ,0,0.9443736604943532,0.055626339505646785
314,7779-ORAEL,0,0.9356297737758293,0.06437022622417095
315,6583-KQJLK,1,0.42097436728575593,0.579025632714244
316,1020-JPQOW,0,0.7392739110123859,0.2607260889876138
317,9647-ERGBE,0,0.5350933836958076,0.46490661630419244
318,0014-BMAQU,0,0.9187798792826983,0.08122012071730217
319,8779-QRDMV,1,0.48614847498631797,0.5138515250136819
320,8019-ENHXU,0,0.5797770894116071,0.4202229105883928
321,3352-ALMCK,0,0.5156573491233474,0.4843426508766527
322,1767-TGTKO,0,0.7873872222570903,0.2126127777429097
323,3387-PLKUI,0,0.8489887321863158,0.1510112678136842
324,6982-SSHFK,1,0.4938844534459807,0.5061155465540191
325,8062-YBDOE,1,0.253703769486873,0.7462962305131271
326,7872-RDDLZ,0,0.7923855806623844,0.20761441933761537
327,2775-SEFEE,0,0.8655085349803536,0.13449146501964618
328,6425-YQLLO,0,0.8388584708262872,0.16114152917371302
329,3452-SRFEG,0,0.54969218752732,0.4503078124726801
330,3301-LSLWQ,0,0.800137691021352,0.1998623089786477
331,3164-AALRN,0,0.8623790359785475,0.13762096402145224
332,7294-TMAOP,1,0.2862678593032754,0.7137321406967245
333,7901-TBKJX,0,0.5717194480206785,0.42828055197932136
334,3935-TBRZZ,0,0.9741990933292582,0.025800906670741836
335,6614-FHDBO,0,0.910215547461156,0.08978445253884412
336,6685-GBWJZ,0,0.9546698812217297,0.0453301187782707
337,6897-UUBNU,0,0.6557256983976827,0.34427430160231737
338,5781-BKHOP,0,0.8867820075164334,0.11321799248356643
339,2105-PHWON,0,0.622124382667351,0.37787561733264896
340,2637-FKFSY,0,0.5797514064194335,0.42024859358056654
341,9644-UMGQA,0,0.7855266222593267,0.21447337774067343
342,8747-UDCOI,0,0.977169940631164,0.022830059368835694
343,7993-PYKOF,1,0.41622567243013525,0.583774327569865
344,6461-PPAXN,0,0.9370759411825067,0.06292405881749308
345,9258-CNWAC,0,0.9146672020925486,0.08533279790745137
346,3086-RUCRN,0,0.6673503392872396,0.33264966071276014
347,1796-JANOW,0,0.6433978791999269,0.35660212080007314
348,8071-SBTRN,0,0.837083926583298,0.16291607341670175
349,1221-GHZEP,0,0.951593550207251,0.04840644979274937
350,9029-FEGVJ,0,0.5728879246610645,0.42711207533893547
351,4389-UEFCZ,0,0.8815552378713047,0.11844476212869517
352,5423-BHIXO,0,0.7787072063486135,0.22129279365138632
353,8295-FHIVV,0,0.8065359738418078,0.1934640261581918
354,2077-MPJQO,1,0.3747101206464504,0.6252898793535498
355,5393-HJZSM,0,0.8464227439892731,0.15357725601072691
356,7356-AYNJP,0,0.8872102603046548,0.11278973969534486
357,9369-XFEHK,0,0.5703667562142751,0.42963324378572487
358,8896-BQTTI,0,0.5204413082019366,0.4795586917980635
359,7878-RTCZG,0,0.5798393055718418,0.4201606944281581
360,2999-AANRQ,0,0.9083700899499063,0.09162991005009365
361,2240-HSJQD,0,0.5687031878852399,0.4312968121147602
362,4083-BFNYK,0,0.8036548126165647,0.19634518738343495
363,5306-BVTKJ,0,0.9427524085893859,0.057247591410614126
364,8909-BOLNL,0,0.8838587692323979,0.11614123076760176
365,6133-OZILE,0,0.7815160699019392,0.2184839300980605
366,0187-WZNAB,0,0.5668826348727397,0.4331173651272603
367,0786-VSSUD,0,0.7628778812183039,0.23712211878169573
368,5110-CHOPY,0,0.9468300000326786,0.05316999996732121
369,8646-JCOMS,0,0.9171376849503652,0.08286231504963551
370,5802-ADBRC,0,0.744191304758177,0.25580869524182254
371,9367-WXLCH,1,0.3729908416278672,0.6270091583721329
372,6060-DRTNL,1,0.3801278387238083,0.6198721612761919
373,3606-SBKRY,0,0.9308353335625529,0.06916466643744673
374,0022-TCJCI,0,0.9358704352243252,0.06412956477567472
375,3374-PZLXD,0,0.8465565326009458,0.15344346739905376
376,2001-MCUUW,0,0.7503408831154313,0.24965911688456832
377,4827-LTQRJ,0,0.8658097195678762,0.1341902804321239
378,6646-VRFOL,0,0.5592410224052204,0.4407589775947794
379,5663-QBGIS,0,0.8965169857351316,0.1034830142648686
380,1849-RJYIG,0,0.7551023461430701,0.24489765385692966
381,6416-TVAIH,1,0.3606439668891502,0.6393560331108498
382,6727-IOTLZ,0,0.9060682170810626,0.09393178291893733
383,5868-YTYKS,0,0.6565796130688452,0.3434203869311547
384,8914-RBTSB,0,0.552280464724917,0.447719535275083
385,6374-NTQLP,0,0.9070558174254307,0.09294418257456932
386,0089-IIQKO,0,0.5857117754003182,0.41428822459968195
387,8739-WWKDU,0,0.542947293925295,0.45705270607470516
388,5035-PGZXH,0,0.740339362485912,0.2596606375140875
389,4342-HFXWS,0,0.9389915901766149,0.061008409823385075
390,6598-KELSS,0,0.9488764444402509,0.05112355555974906
391,1769-GRUIK,0,0.5484420087033189,0.4515579912966811
392,2235-EZAIK,0,0.9780557804615174,0.021944219538483144
393,9938-TKDGL,0,0.8972753886177859,0.10272461138221456
394,1038-RQOST,0,0.8914538002891744,0.10854619971082552
395,7596-IIWYC,0,0.9689374076377455,0.03106259236225431
396,8023-QHAIO,0,0.7361437461651522,0.26385625383484784
397,5349-AZPEW,0,0.744135797073952,0.2558642029260481
398,5624-RYAMH,0,0.814508695849761,0.18549130415023857
399,7639-SUPCW,0,0.7782431993720502,0.2217568006279495
400,2907-ILJBN,0,0.968991889100275,0.031008110899724776
401,8792-AOROI,0,0.9114868558688666,0.08851314413113333
402,9060-HJJRW,0,0.937412962320321,0.06258703767967905
403,9970-QBCDA,0,0.8115816051155964,0.18841839488440307
404,4815-YOSUK,0,0.9193564413766121,0.08064355862338811
405,3071-MVJCD,0,0.9794540127654576,0.020545987234543116
406,7966-YOTQW,0,0.7180613109226806,0.28193868907731906
407,3181-VTHOE,0,0.962060832261365,0.03793916773863554
408,0475-RIJEP,0,0.5536211396547475,0.4463788603452526
409,3349-ANQNH,0,0.8025569840198249,0.19744301598017455
410,6997-UVGOX,0,0.9727437899271467,0.027256210072853948
411,5815-HGGHV,0,0.9273774605339876,0.07262253946601209
412,1166-PQLGG,0,0.9844297487762013,0.015570251223798688
413,9200-NLNPD,0,0.9485660224206045,0.05143397757939568
414,5019-GQVCR,0,0.5502771830189563,0.44972281698104377
415,7634-HLQJR,0,0.980320786441978,0.019679213558021852
416,0626-QXNGV,0,0.9784045412048834,0.02159545879511644
417,6507-DTJZV,0,0.7985851408977547,0.20141485910224521
418,8485-GJCDN,1,0.4930109017029971,0.506989098297003
419,9955-QOPOY,0,0.9649259523264655,0.035074047673534926
420,7005-CCBKV,1,0.39584206615130413,0.604157933848696
421,6100-FJZDG,0,0.9803525018221448,0.019647498177854775
422,2001-EWBQU,0,0.7844724229589982,0.21552757704100134
423,0886-QGENL,0,0.5490589080732352,0.4509410919267648
424,9223-UCPVT,1,0.28157611194544513,0.7184238880545547
425,6786-OBWQR,1,0.4104809608714561,0.5895190391285442
426,1998-VHJHK,0,0.9686398242920603,0.031360175707939406
427,2925-VDZHY,0,0.9789746865642697,0.02102531343573093
428,6900-RBKER,0,0.8336263100427722,0.16637368995722754
429,8944-AILEF,0,0.8459618651754605,0.15403813482453887
430,8183-ONMXC,1,0.35538795404712403,0.6446120459528761
431,7776-QGYJC,0,0.6824683631478531,0.3175316368521468
432,0584-BJQGZ,0,0.8024601173578314,0.19753988264216854
433,8258-GSTJK,1,0.3475120811948989,0.6524879188051013
434,9822-OAOVB,1,0.49100736715769244,0.5089926328423074
435,0428-AXXLJ,0,0.9645073954746689,0.035492604525330894
436,3957-HHLMR,0,0.9574200929135449,0.04257990708645537
437,1716-LSAMB,0,0.9392700430999374,0.060729956900062394
438,4819-HJPIW,0,0.8001013849387766,0.1998986150612228
439,5115-GZDEL,0,0.9635772289975215,0.03642277100247887
440,9190-MFJLN,0,0.5239238567355973,0.47607614326440273
441,7398-LXGYX,0,0.5696754627310109,0.43032453726898906
442,1157-BQCUW,1,0.27308684383724857,0.7269131561627513
443,1024-VRZHF,1,0.40479567276815226,0.5952043272318477
444,2202-OUTMO,0,0.823465421585722,0.17653457841427797
445,1702-CCFNJ,0,0.8328734015114179,0.16712659848858216
446,5622-UEJFI,0,0.9746358997984914,0.02536410020150857
447,0142-GVYSN,0,0.848093687269114,0.15190631273088562
448,8148-WOCMK,0,0.9723915237916296,0.027608476208370272
449,6986-IXNDM,1,0.41806685531410975,0.5819331446858902
450,0280-XJGEX,0,0.5266206502006937,0.4733793497993063
451,0094-OIFMO,1,0.40161634664718826,0.5983836533528117
452,2314-TNDJQ,0,0.9660898282863917,0.03391017171360858
453,0042-RLHYP,0,0.9844383543116176,0.015561645688382418
454,4228-ZGYUW,1,0.35353460973857787,0.6464653902614224
455,7375-WMVMT,0,0.9053829396219762,0.09461706037802407
456,7649-SIJJF,0,0.9760865302236617,0.023913469776338965
457,9544-PYPSJ,0,0.608054530272042,0.39194546972795785
458,5696-CEIQJ,0,0.8755197176412657,0.12448028235873446
459,3736-BLEPA,0,0.8406678040500569,0.15933219594994258
460,8623-ULFNQ,0,0.8250416563046221,0.17495834369537802
461,1262-OPMFY,1,0.41855889551152764,0.5814411044884725
462,6008-NAIXK,0,0.9323670112972003,0.06763298870279959
463,9274-CNFMO,1,0.35058507692405,0.6494149230759502
464,5562-YJQGT,0,0.6409419426035728,0.35905805739642715
465,1271-SJBGZ,0,0.7315061685410559,0.26849383145894395
466,5439-WIKXB,0,0.5685802032874657,0.43141979671253433
467,8012-SOUDQ,0,0.5504386862142884,0.44956131378571174
468,0374-IOEGQ,0,0.5452214550031507,0.4547785449968494
469,9397-TZSHA,0,0.971336138324469,0.02866386167553075
470,8405-IGQFX,0,0.91169450717301,0.08830549282699005
471,8160-HOWOX,0,0.7580939636464449,0.24190603635355484
472,5480-XTFFL,0,0.9781353898876403,0.021864610112359486
473,0603-OLQDC,0,0.7687241309452248,0.231275869054775
474,5146-CBVOE,1,0.49281498954092,0.5071850104590799
475,7839-NUIAA,0,0.8434216726090914,0.15657832739090893
476,4840-ORQXB,0,0.5828822576975334,0.4171177423024664
477,4484-CGXFK,0,0.5434950974136084,0.45650490258639165
478,3976-BWUCK,0,0.6234826265206505,0.3765173734793495
479,1439-LCGVL,0,0.9740940080451952,0.025905991954804634
480,4709-LKHYG,0,0.9790471454911013,0.02095285450889867
481,6096-EGVTU,0,0.9748598633370754,0.025140136662924646
482,5696-EXCYS,0,0.9655255410160752,0.03447445898392451
483,6140-QNRQQ,1,0.28418200693767504,0.7158179930623251
484,1264-BYWMS,0,0.5659208267854576,0.4340791732145422
485,8894-JVDCV,0,0.841793461563149,0.15820653843685073
486,0657-DOGUM,0,0.9385289813521108,0.0614710186478895
487,3085-QUOZK,1,0.4938844534459807,0.5061155465540191
488,9710-NJERN,0,0.969462144152069,0.030537855847930718
489,4137-BTIKL,1,0.32239357204144187,0.6776064279585583
490,0505-SPOOW,0,0.9820846629443954,0.01791533705560431
491,2229-DPMBI,0,0.9723915237916296,0.027608476208370272
492,2150-OEGBV,0,0.9695423328027155,0.030457667197284176
493,7322-OCWHC,0,0.9498315140484175,0.05016848595158303
494,3120-FAZKD,0,0.973794400448799,0.026205599551200772
495,8212-DJRCH,1,0.4153100284106022,0.5846899715893981
496,5832-XKAES,1,0.35682575505755026,0.6431742449424499
497,0042-JVWOJ,0,0.9697599742599745,0.030240025740025215
498,3956-MGXOG,0,0.5864322347715448,0.41356776522845523
499,4822-NGOCH,1,0.40911802004414716,0.5908819799558528
500,9617-UDPEU,0,0.9651589199648933,0.034841080035106546
501,8849-AYPTR,0,0.5901718046659246,0.4098281953340754
502,7471-WNSUF,0,0.9701098539613295,0.029890146038670476
503,6137-NICCO,1,0.3651977886183185,0.6348022113816816
504,3521-SYVOR,0,0.8079884835844676,0.19201151641553196
505,3074-GQWYX,1,0.354226922383852,0.645773077616148
506,5339-PXDVH,1,0.34508040918670246,0.6549195908132976
507,9172-JITSM,0,0.5744844144703124,0.42551558552968755
508,4804-NCPET,0,0.9755746757081778,0.024425324291821978
509,2826-UWHIS,0,0.5703667562142751,0.42963324378572487
510,1134-YWTYF,0,0.807249263019139,0.192750736980861
511,7568-PODML,1,0.48663955548679705,0.5133604445132028
512,7595-EUIVN,1,0.2817918216126166,0.7182081783873834
513,7301-ABVAD,0,0.9704810409552461,0.029518959044754475
514,6833-JMZYP,1,0.42834807563238203,0.5716519243676178
515,4692-NNQRU,0,0.8222521665582373,0.17774783344176268
516,8314-HTWVE,0,0.9697491186456663,0.030250881354333438
517,1347-KTTTA,0,0.8654328678194964,0.13456713218050362
518,0644-OQMDK,1,0.4014811867990838,0.5985188132009164
519,8535-SFUTN,0,0.5992962989313136,0.40070370106868625
520,4430-UZIPO,0,0.6118685545327655,0.38813144546723477
521,1047-RNXZV,0,0.9697204032869137,0.03027959671308603
522,0817-HSUSE,0,0.5873748233277782,0.4126251766722219
523,1866-NXPSP,0,0.9158715449023866,0.08412845509761337
524,7136-IHZJA,0,0.8553737908670377,0.14462620913296248
525,4094-NSEDU,0,0.5240105015895251,0.47598949841047483
526,5196-WPYOW,0,0.9627061225214035,0.037293877478596665
527,7969-FFOWG,0,0.9798818733861707,0.02011812661382917
528,1415-YFWLT,1,0.29084994680536425,0.7091500531946358
529,7855-DIWPO,0,0.6164213711908972,0.3835786288091027
530,0862-PRCBS,0,0.8743189567015568,0.12568104329844362
531,4612-THJBS,0,0.7418585929574951,0.25814140704250454
532,9281-CEDRU,0,0.9639727151122247,0.03602728488777567
533,2333-KWEWW,0,0.9658061579901686,0.03419384200983113
534,6598-RFFVI,0,0.8866355316039046,0.11336446839609525
535,0887-WBJVH,0,0.8575372045677337,0.1424627954322661
536,0137-UDEUO,0,0.6716198643123795,0.32838013568762064
537,9494-BDNNC,0,0.8473622324222417,0.15263776757775846
538,8015-IHCGW,0,0.9393896715717304,0.06061032842826965
539,4706-AXVKM,1,0.40703490182008933,0.5929650981799106
540,2189-WWOEW,1,0.4937290724631033,0.5062709275368967
541,7729-XBTWX,0,0.9806791799633676,0.019320820036632158
542,8417-FMLZI,1,0.4164061743481559,0.5835938256518445
543,8118-TJAFG,1,0.4380608479748213,0.5619391520251785
544,3055-OYMSE,0,0.5857387193878566,0.4142612806121435
545,5276-KQWHG,1,0.34161976545695966,0.6583802345430404
546,1197-BVMVG,1,0.3536568403114329,0.6463431596885673
547,2087-QAREY,0,0.800040494188227,0.19995950581177258
548,9261-WDCAF,0,0.5411467834567572,0.4588532165432428
549,6082-OQFBA,0,0.9765947110173718,0.02340528898262812
550,2465-BLLEU,0,0.5826456781208615,0.41735432187913857
551,3566-VVORZ,0,0.76668505987394,0.23331494012605966
552,9746-MDMBK,0,0.801988303044736,0.19801169695526355
553,3570-YUEKJ,0,0.7774712307260307,0.2225287692739688
554,8464-EETCQ,0,0.9668245839001434,0.03317541609985629
555,2097-YVPKN,0,0.9576114544251837,0.04238854557481622
556,1104-FEJAM,0,0.8355848048975051,0.16441519510249514
557,6980-IMXXE,0,0.9848421383005957,0.015157861699404269
558,3009-JWMPU,0,0.8341629278173159,0.16583707218268387
559,7808-DVWEP,0,0.7173280206697232,0.28267197933027677
560,6569-KTMDU,0,0.5957165507916635,0.4042834492083365
561,1094-BKOSX,0,0.9470950957812319,0.052904904218768235
562,9529-OFXHY,1,0.4257459557294922,0.5742540442705075
563,9398-MMQTO,1,0.3927453411746915,0.6072546588253086
564,8499-BRXTD,0,0.9658061579901686,0.03419384200983113
565,3768-VHXQO,0,0.966098502094315,0.03390149790568503
566,3199-XGZCY,1,0.3861670752959889,0.6138329247040112
567,5216-WASFJ,0,0.5706452129496409,0.4293547870503591
568,8981-FJGLA,1,0.4641402908419669,0.5358597091580332
569,9787-XVQIU,1,0.27308684383724857,0.7269131561627513
570,9385-EHGDO,0,0.9795745389909747,0.020425461009024794
571,5729-KLZAR,1,0.4083644774587125,0.5916355225412877
572,9031-ZVQPT,0,0.9145128904007866,0.08548710959921339
573,6654-QGBZZ,0,0.5798393055718418,0.4201606944281581
574,0244-LGNFY,0,0.9769129787997237,0.023087021200276957
575,7639-LIAYI,0,0.935007015376885,0.06499298462311522
576,9725-SCPZG,1,0.30213111136052256,0.6978688886394777
577,0442-TDYUO,0,0.974084628385283,0.02591537161471677
578,9818-XQCUV,0,0.6409419426035728,0.35905805739642715
579,8541-QVFKM,1,0.4004522002508687,0.5995477997491314
580,9940-HPQPG,1,0.35767248517662176,0.6423275148233781
581,8639-NHQEI,0,0.8978617748406763,0.10213822515932376
582,0988-JRWWP,0,0.5390229766718392,0.4609770233281608
583,0230-WEQUW,0,0.9594736538762837,0.04052634612371658
584,2911-UREFD,0,0.8115420576040591,0.18845794239594077
585,4455-BFSPD,0,0.8522354921719868,0.14776450782801326
586,5055-MGMGF,0,0.6194709033761631,0.3805290966238367
587,6771-XWBDM,0,0.599367719849683,0.40063228015031677
588,5153-LXKDT,0,0.8297742228760834,0.17022577712391698
589,2580-ATZSQ,0,0.9510604093195151,0.04893959068048495
590,9978-HYCIN,0,0.8522431402677788,0.14775685973222116
591,8439-LTUGF,0,0.814508695849761,0.18549130415023857
592,2717-HVIZY,0,0.8497777275289795,0.15022227247102038
593,7673-LPRNY,0,0.9181026862915189,0.08189731370848057
594,9114-VEPUF,0,0.8457370634836695,0.15426293651633063
595,2077-DDHJK,0,0.9642158257596045,0.03578417424039609
596,4701-LKOZD,0,0.9662839298740258,0.033716070125974655
597,6941-KXRRV,0,0.939593231719119,0.06040676828088094
598,8823-RLPWL,0,0.8687545116844412,0.1312454883155589
599,0731-EBJQB,0,0.9773511318857873,0.0226488681142125
600,1329-VHWNP,0,0.7462311719538964,0.25376882804610346
601,4664-NJCMS,0,0.9321618208603917,0.06783817913960827
602,4896-CPRPF,0,0.9746358997984914,0.02536410020150857
603,4177-JPDFU,0,0.725838893754457,0.27416110624554296
604,5199-FPUSP,0,0.9491109960193236,0.050889003980676424
605,3754-DXMRT,0,0.5089996991131828,0.4910003008868171
606,2890-WFBHU,0,0.9497692279256107,0.05023077207438971
607,4584-LBNMK,0,0.9576061054573006,0.04239389454269918
608,5018-GWURO,0,0.6239080380661782,0.3760919619338218
609,9153-BTBVV,0,0.9718526028197519,0.028147397180248213
610,0354-VXMJC,0,0.9765947110173718,0.02340528898262812
611,7255-SSFBC,0,0.9341962454539702,0.06580375454602984
612,0348-SDKOL,0,0.689091010121242,0.310908989878758
613,8263-QMNTJ,0,0.9278590472527803,0.07214095274721968
614,8775-ERLNB,1,0.2705798530705409,0.7294201469294589
615,7340-KEFQE,0,0.956676626215414,0.04332337378458592
616,8788-DOXSU,0,0.9419520249447823,0.05804797505521783
617,7587-RZNME,0,0.537485476543488,0.46251452345651217
618,3744-ZBHON,0,0.6716198643123795,0.32838013568762064
619,9174-FKWZE,0,0.5890582829785841,0.410941717021416
620,8292-ITGYJ,0,0.9765724447970108,0.0234275552029893
621,0322-CHQRU,0,0.5017548011539992,0.49824519884600077
622,6925-BAYGL,0,0.9533533942678102,0.0466466057321894
623,1303-SRDOK,0,0.866063603675137,0.1339363963248628
624,1480-IVEVR,0,0.8342024638027253,0.16579753619727458
625,1342-JPNKI,1,0.3877544368108473,0.6122455631891528
626,0378-CJKPV,0,0.9246150776337301,0.07538492236626984
627,4971-PUYQO,0,0.5276824908466784,0.4723175091533217
628,1028-FFNJK,0,0.5767593515371963,0.42324064846280385
629,8111-BKVDS,0,0.7193968137072859,0.280603186292714
630,7881-INRLC,0,0.5180032950692933,0.4819967049307067
631,0613-WUXUM,0,0.9839183784031654,0.01608162159683453
632,6821-JPCDC,0,0.7899725284861624,0.21002747151383727
633,4676-WLUHT,0,0.9353261616302464,0.0646738383697533
634,1025-FALIX,0,0.6189813942478368,0.3810186057521631
635,0565-JUPYD,0,0.8242957331791296,0.1757042668208702
636,2275-RBYQS,1,0.48663955548679705,0.5133604445132028
637,8327-WKMIE,0,0.969462144152069,0.030537855847930718
638,0263-FJTQO,0,0.9484560411715299,0.051543958828470314
639,2372-HWUHI,0,0.5089996991131828,0.4910003008868171
640,9026-LHEVG,0,0.7193968137072859,0.280603186292714
641,4827-DPADN,0,0.9794540127654576,0.020545987234543116
642,9430-FRQOC,1,0.4321160883847495,0.5678839116152504
643,6024-RUGGH,0,0.9823842035078091,0.01761579649219073
644,2003-CKLOR,0,0.6098417342024184,0.3901582657975814
645,4323-ELYYB,0,0.9674474727877791,0.032552527212220614
646,0487-RPVUM,0,0.6906794256856662,0.3093205743143338
647,6551-VLJMV,0,0.9741810650425836,0.025818934957416224
648,1133-KXCGE,0,0.9658061579901686,0.03419384200983113
649,6894-LFHLY,1,0.27403382232104684,0.725966177678953
650,0023-HGHWL,0,0.5005172846972754,0.4994827153027246
651,0396-HUJBP,0,0.6526168566066691,0.347383143393331
652,0197-PNKNK,0,0.9087861834127285,0.09121381658727183
653,2883-ILGWO,0,0.6641575198705079,0.3358424801294919
654,0415-MOSGF,1,0.4938844534459807,0.5061155465540191
655,3279-DYZQM,0,0.9783294792978073,0.021670520702192747
656,6143-JQKEA,0,0.7208225623012972,0.27917743769870274
657,6789-HJBWG,0,0.7458204167459884,0.25417958325401124
658,6179-GJPSO,0,0.6212079793192964,0.3787920206807037
659,3217-FZDMN,1,0.3776951152863003,0.6223048847137
660,2307-FYNNL,0,0.8291267920473693,0.17087320795263072
661,6369-MCAKO,0,0.9673359283502819,0.03266407164971878
662,2013-SGDXK,1,0.2839528789773802,0.7160471210226197
663,0386-CWRGM,0,0.9745174368708406,0.02548256312915944
664,3167-SNQPL,0,0.5357458547580474,0.46425414524195274
665,6923-JHPMP,1,0.35538795404712403,0.6446120459528761
666,2320-SLKMB,0,0.8092547266741298,0.19074527332587024
667,2673-ZALNP,0,0.9609455764885175,0.03905442351148221
668,8328-SKJNO,0,0.9467610161651175,0.05323898383488233
669,1343-EHPYB,0,0.6073809501960213,0.3926190498039784
670,7377-DMMRI,1,0.4993772262187579,0.500622773781242
671,1261-FWTTE,0,0.7709861343966666,0.22901386560333292
672,7696-CFTAT,0,0.9795745389909747,0.020425461009024794
673,2379-GYFLQ,0,0.8000429139716984,0.19995708602830123
674,3886-CERTZ,0,0.9184359065231488,0.08156409347685148
675,3604-WLABM,0,0.7296960214437312,0.2703039785562687
676,9629-NHXFW,0,0.6802440412197699,0.31975595878022994
677,8393-JMVMB,0,0.5890582829785841,0.410941717021416
678,5168-MSWXT,1,0.3989211274479774,0.6010788725520229
679,4213-HKBJO,0,0.9480193152703581,0.0519806847296418
680,7989-VCQOH,0,0.8268506157581469,0.17314938424185292
681,8782-NUUOL,0,0.9515473687838423,0.04845263121615821
682,6551-ZCOTS,0,0.9405411699441097,0.05945883005588997
683,1431-CYWMH,0,0.8724768457998239,0.12752315420017632
684,2081-KJSQF,0,0.5758889333634051,0.42411106663659487
685,9251-WNSOD,0,0.9292476429881922,0.07075235701180822
686,2868-SNELZ,1,0.32806837955635926,0.6719316204436407
687,7815-PDTHL,0,0.9685478705034204,0.03145212949657936
688,1624-WOIWJ,1,0.4143608197814103,0.5856391802185897
689,3545-CNWRG,0,0.5363380847173861,0.463661915282614
690,0853-NWIFK,0,0.7944147812890385,0.20558521871096094
691,0311-UNPFF,0,0.5873401509977773,0.4126598490022228
692,9851-KIELU,1,0.4684833439998068,0.531516656000193
693,3133-PZNSR,0,0.9367841644481767,0.06321583555182338
694,5138-WVKYJ,1,0.3525357284935777,0.6474642715064222
695,5980-NOPLP,0,0.542089039263955,0.4579109607360449
696,5226-NOZFC,0,0.5873401509977773,0.4126598490022228
697,2227-JRSJX,0,0.5901546153197654,0.4098453846802345
698,1356-MKYSK,0,0.704745010176986,0.2952549898230139
699,3256-EZDBI,0,0.819997779338175,0.18000222066182472
700,5186-EJEGL,0,0.730369996796052,0.2696300032039479
701,0572-ZJKLT,0,0.7914186538148593,0.20858134618514046
702,7250-EQKIY,0,0.5772104060453551,0.42278959395464477
703,3329-WDIOK,0,0.5390229766718392,0.4609770233281608
704,4550-EVXNY,1,0.27490581768973155,0.7250941823102686
705,2428-HYUNX,0,0.9733086667335883,0.026691333266411665
706,0623-GDISB,1,0.4862602265206579,0.5137397734793419
707,2519-FAKOD,0,0.5258250721222568,0.4741749278777433
708,4184-TJFAN,1,0.4512518124749315,0.5487481875250685
709,7395-IGJOS,0,0.5228424682876424,0.4771575317123576
710,4745-LSPLO,0,0.5716954241454969,0.4283045758545031
711,4210-QFJMF,1,0.38298070120280736,0.6170192987971929
712,3223-DWFIO,1,0.409687962977473,0.590312037022527
713,3750-RNQKR,0,0.8185755576968701,0.18142444230312937
714,3068-OMWZA,1,0.27022877874859036,0.7297712212514095
715,2955-BJZHG,0,0.5167661574572693,0.4832338425427307
716,3410-YOQBQ,0,0.9123737739342757,0.08762622606572439
717,8294-UIMBA,0,0.7839412988841192,0.2160587011158802
718,5676-CFLYY,0,0.967968139569063,0.03203186043093734
719,1035-IPQPU,0,0.6194692374085232,0.3805307625914765
720,4915-BFSXL,0,0.9518557712428377,0.04814422875716253
721,2207-QPJED,0,0.6710822413566386,0.3289177586433613
722,9846-GKXAS,1,0.4117384265054042,0.588261573494596
723,4695-VADHF,0,0.8350701357214946,0.1649298642785054
724,3498-LZGQZ,0,0.9814910802865527,0.018508919713447036
725,3675-YDUPJ,0,0.814508695849761,0.18549130415023857
726,5465-BUBFA,0,0.9803559992167534,0.019644000783246508
727,2560-PPCHE,0,0.8218009914092085,0.17819900859079152
728,1599-MMYRQ,0,0.8906053858235643,0.109394614176436
729,7821-DPRQE,0,0.7185476237155067,0.28145237628449304
730,3551-GAEGL,0,0.9625098732233778,0.03749012677662209
731,5730-DBDSI,0,0.9760105536158982,0.02398944638410158
732,9154-QDGTH,0,0.7601608497492687,0.23983915025073113
733,3472-OAOOR,0,0.8200303287927059,0.17996967120729393
734,0971-QIFJK,0,0.9790549188901277,0.020945081109872102
735,8871-JLMHM,0,0.9238312422300734,0.07616875776992724
736,5392-AKEMH,0,0.7427235089667668,0.25727649103323297
737,3588-WSTTJ,0,0.5105611857203273,0.4894388142796728
738,7159-NOKYQ,0,0.8768238968255292,0.12317610317447131
739,0463-TXOAK,0,0.9563680752226462,0.043631924777353684
740,4159-NAAIX,0,0.8372797722525637,0.16272022774743614
741,8908-SLFCJ,0,0.9649780265615009,0.03502197343849896
742,1301-LOPVR,0,0.9335866336184506,0.06641336638154924
743,8999-XXGNS,0,0.8804441267601937,0.11955587323980628
744,2801-NISEI,0,0.8115611271225285,0.18843887287747144
745,2904-GGUAZ,0,0.9134323305005142,0.08656766949948609
746,5651-CRHKQ,0,0.8360806783771448,0.16391932162285505
747,6888-SBYAI,1,0.4829447868478563,0.5170552131521435
748,0327-WFZSY,0,0.8007687606958943,0.1992312393041053
749,0707-HOVVN,0,0.9643549186272605,0.03564508137273981
750,8467-WYNSR,0,0.799140370980679,0.20085962901932078
751,3096-IZETN,1,0.4388689067241463,0.5611310932758536
752,2845-HSJCY,1,0.4535786697877328,0.5464213302122672
753,2143-LJULT,0,0.9682504854607791,0.031749514539220994
754,0188-GWFLE,0,0.6433978791999269,0.35660212080007314
755,9848-JQJTX,0,0.8858980581314078,0.11410194186859211
756,7033-CLAMM,0,0.9800813696425162,0.019918630357483615
757,6131-JLWZM,0,0.8203396602609727,0.1796603397390268
758,8958-JPTRR,0,0.9580012544186891,0.0419987455813106
759,9518-IMLHK,0,0.8321772489646645,0.16782275103533548
760,7754-IXRMC,1,0.48663955548679705,0.5133604445132028
761,6847-KJLTS,0,0.689091010121242,0.310908989878758
762,5149-QYTTU,0,0.9303035884558524,0.06969641154414798
763,3950-VPYJB,0,0.9554858302485133,0.04451416975148677
764,5981-ITEMU,0,0.5346528789602103,0.4653471210397898
765,4647-XXZAM,0,0.7841945538853939,0.21580544611460625
766,8760-ZRHKE,0,0.952365593374544,0.04763440662545624
767,3420-YJLQT,1,0.32629099027896996,0.67370900972103
768,4785-QRJHC,0,0.9367183449261574,0.06328165507384273
769,6080-TCMYC,0,0.5743164968188195,0.4256835031811804
770,3777-XROBG,0,0.9787707580349978,0.021229241965002022
771,7801-CEDNV,0,0.932919812132443,0.06708018786755661
772,8079-XRJRS,0,0.878313811827566,0.1216861881724345
773,9625-RZFUK,0,0.982011056195005,0.017988943804994918
774,4616-EWBNJ,0,0.9630056790284869,0.036994320971512805
775,2919-HBCJO,1,0.3840869390195714,0.6159130609804288
776,1550-EENBN,0,0.5175306684144796,0.4824693315855203
777,4501-UYKBC,0,0.9309037958358664,0.06909620416413367
778,2832-KJCRD,0,0.5636981697302863,0.4363018302697136
779,8029-XYPWT,0,0.8960392327600732,0.10396076723992678
780,3703-VAVCL,1,0.4425875598942944,0.5574124401057056
781,8690-ZVLCL,0,0.9673359283502819,0.03266407164971878
782,4800-CZMPC,0,0.7584882281419825,0.24151177185801728
783,0691-NIKRI,0,0.7447887245214099,0.2552112754785898
784,6892-XPFPU,0,0.5195658958260069,0.480434104173993
785,2754-XBHTB,1,0.41992399002683173,0.5800760099731684
786,3853-LYGAM,0,0.5257353768294726,0.4742646231705273
787,8631-WUXGY,0,0.5642695033791028,0.4357304966208973
788,0375-HVGXO,1,0.48614847498631797,0.5138515250136819
789,2181-UAESM,0,0.50137547218786,0.4986245278121399
790,0749-IRGQE,0,0.7684491624380425,0.23155083756195707
791,4367-NUYAO,0,0.8818668750207648,0.1181331249792354
792,4193-ORFCL,1,0.48663955548679705,0.5133604445132028
793,6496-JDSSB,1,0.3999641201895934,0.6000358798104068
794,4359-INNWN,0,0.9646873676743438,0.03531263232565589
795,3523-QRQLL,0,0.9201196006154219,0.07988039938457783
796,1000-AJSLD,0,0.5798393055718418,0.4201606944281581
797,6898-RBTLU,0,0.9492126279862483,0.05078737201375201
798,2725-KXXWT,1,0.30755989733597294,0.6924401026640272
799,3213-VVOLG,0,0.8818668750207648,0.1181331249792354
800,5854-KSRBJ,0,0.9825849271252265,0.017415072874773424
801,8111-SLLHI,0,0.5424095365832068,0.45759046341679316
802,2558-BUOZZ,0,0.8000429139716984,0.19995708602830123
803,7508-DQAKK,0,0.9545630181505641,0.04543698184943636
804,4123-FCVCB,0,0.8621344756368733,0.13786552436312668
805,1038-ZAGBI,0,0.9653592561263917,0.03464074387360801
806,2027-FECZV,1,0.3921966045414104,0.6078033954585895
807,8699-ASUFO,1,0.37294402879958033,0.6270559712004199
808,5975-BAICR,0,0.9430224633085429,0.05697753669145702
809,1573-LGXBA,0,0.8314953223372449,0.16850467766275518
810,7398-HPYZQ,0,0.9757203117655711,0.02427968823442955
811,4686-UXDML,0,0.5008399619569012,0.49916003804309894
812,0016-QLJIS,0,0.9601776379063778,0.03982236209362297
813,3249-VHRIP,0,0.9487306531287315,0.0512693468712683
814,2719-BDAQO,0,0.5178074576338549,0.4821925423661451
815,2212-LYASK,0,0.9473780064324872,0.05262199356751265
816,8780-YRMTT,0,0.9573798553946261,0.042620144605374034
817,2308-STERM,0,0.6526168566066691,0.347383143393331
818,2135-RXIHG,1,0.48663955548679705,0.5133604445132028
819,4791-QRGMF,0,0.8061838000877894,0.1938161999122102
820,2430-RRYUW,0,0.946433459339209,0.05356654066079112
821,6345-ULYRW,0,0.8301445209207489,0.1698554790792511
822,3097-IDVPU,0,0.8247167932655155,0.1752832067344846
823,4893-GYUJU,0,0.9697362424887059,0.030263757511293798
824,4476-OSWTN,0,0.8690270386747856,0.1309729613252145
825,0136-IFMYD,0,0.8678874535072086,0.13211254649279167
826,9931-DCEZH,0,0.9300880445984305,0.06991195540156964
827,9702-AIUJO,0,0.9530633342062927,0.04693666579370711
828,4803-LBYPN,0,0.8902281332739785,0.10977186672602146
829,4160-AMJTL,0,0.813787831678754,0.18621216832124546
830,8337-UPOAQ,1,0.3817107706880799,0.6182892293119202
831,1036-GUDCL,0,0.8774311325285624,0.12256886747143782
832,6504-VBLFL,0,0.9367801127444036,0.06321988725559634
833,6711-VTNRE,0,0.6617867944073283,0.33821320559267143
834,7929-SKFGK,0,0.8755423203546507,0.12445767964534907
835,4933-IKULF,0,0.9631820481904834,0.036817951809516324
836,4879-GZLFH,0,0.5814663397279274,0.41853366027207267
837,1338-CECEE,0,0.9300608984838283,0.06993910151617196
838,2804-ETQDK,0,0.976501882166942,0.023498117833057764
839,5176-LDKUH,0,0.8406147439585413,0.1593852560414583
840,5858-EAFCZ,1,0.4938844534459807,0.5061155465540191
841,2869-ADAWR,0,0.5502771830189563,0.44972281698104377
842,5299-SJCZT,1,0.3182850118204848,0.6817149881795151
843,6252-DFGTK,0,0.9310815522860552,0.06891844771394487
844,2929-ERCFZ,1,0.40441439323127687,0.5955856067687233
845,6284-AHOOQ,0,0.6031779169417133,0.39682208305828653
846,7196-LIWRH,0,0.961783749830249,0.03821625016975083
847,0080-EMYVY,0,0.9151663720580978,0.08483362794190175
848,6892-EZDTG,1,0.3284978519232085,0.6715021480767918
849,6633-MPWBS,0,0.6835206085091257,0.3164793914908745
850,9944-HKVVB,1,0.3553437789656676,0.6446562210343326
851,4648-YPBTM,0,0.9236475185932466,0.07635248140675342
852,9565-AXSMR,0,0.9790228009591762,0.020977199040823784
853,7402-PWYJJ,0,0.8663682577208676,0.1336317422791325
854,7794-JASDG,1,0.4829447868478563,0.5170552131521435
855,2018-PZKMU,1,0.44225457091854425,0.5577454290814556
856,7748-UMTRK,0,0.5680936982003257,0.4319063017996742
857,4129-LYCOI,0,0.8345925199022782,0.16540748009772194
858,9526-JAWYF,0,0.588962427026833,0.4110375729731671
859,2585-KTFRE,0,0.6335285306665631,0.3664714693334366
860,8053-WWDRO,0,0.8338169249118519,0.16618307508814756
861,5060-TQUQN,0,0.645241500441588,0.3547584995584117
862,8601-QACRS,0,0.6424597207859719,0.35754027921402803
863,5266-PFRQK,0,0.9786692968876374,0.021330703112362705
864,6086-ESGRL,1,0.2817918216126166,0.7182081783873834
865,7363-QTBIW,1,0.4087871271523621,0.591212872847638
866,4717-GHADL,0,0.9367934847214938,0.06320651527850633
867,7009-PCARS,0,0.9706138076190449,0.029386192380954836
868,8268-YDIXR,0,0.8387188777920955,0.16128112220790436
869,1173-XZPYF,1,0.4034285799810089,0.596571420018991
870,3977-QCRSL,0,0.7710036948587929,0.22899630514120686
871,5236-PERKL,0,0.7488758757354881,0.25112412426451153
872,0812-WUPTB,1,0.29377007841656944,0.7062299215834311
873,9496-IVVRP,0,0.8006812555847553,0.19931874441524466
874,2792-LSHWX,1,0.40074904431532765,0.5992509556846723
875,8149-RSOUN,1,0.2652257447226842,0.7347742552773157
876,2683-JXWQQ,0,0.8340543499225409,0.1659456500774592
877,2075-RMJIK,0,0.7015857207109454,0.2984142792890547
878,4837-QUSFT,0,0.8724358580873124,0.12756414191268772
879,9025-AOMKI,1,0.34686669389517144,0.6531333061048287
880,3594-KADLU,0,0.6267890382137251,0.373210961786275
881,7688-AWMDX,0,0.9588632977232311,0.04113670227676935
882,9906-NHHVC,0,0.9458271974920401,0.0541728025079596
883,7410-OIEDU,1,0.4152119065702763,0.5847880934297239
884,4489-SNOJF,0,0.846833921086905,0.153166078913095
885,6196-HBOBZ,0,0.8401809702133403,0.15981902978665974
886,0639-TSIQW,0,0.5873971195617769,0.4126028804382229
887,8510-TMWYB,0,0.9391495501602897,0.060850449839710434
888,3146-MSEGF,0,0.9789746865642697,0.02102531343573093
889,4835-YSJMR,0,0.9346793464845637,0.0653206535154361
890,0320-DWVTU,0,0.7984452495434994,0.20155475045650012
891,6862-CQUMB,0,0.5605534787371227,0.43944652126287737
892,7979-CORPM,0,0.5460244195099335,0.45397558049006653
893,7311-MQJCH,0,0.9466185439363085,0.05338145606369132
894,1965-AKTSX,1,0.41770923830674284,0.5822907616932571
895,3131-NWVFJ,0,0.9702791307869298,0.02972086921307016
896,7718-RXDGG,0,0.566071414082705,0.43392858591729494
897,2466-FCCPT,0,0.9764270155441207,0.023572984455879145
898,5067-XJQFU,0,0.8601546219814318,0.1398453780185683
899,9754-CLVZW,0,0.8355451671756415,0.16445483282435863
900,1355-KUSBG,0,0.7767680362739712,0.22323196372602871
901,0816-TSPHQ,0,0.6314810619937653,0.3685189380062347
902,0932-YIXYU,0,0.9701773833645579,0.029822616635441744
903,7669-LCRSD,0,0.8018498896380315,0.19815011036196853
904,2146-EGVDT,0,0.9808627980671587,0.019137201932841262
905,0459-SPZHJ,0,0.9343682444539732,0.06563175554602724
906,9554-DFKIC,0,0.8219439568414848,0.1780560431585154
907,0880-TKATG,1,0.340492286936826,0.6595077130631742
908,9220-CXRSC,0,0.9695295224710435,0.03047047752895685
909,7558-IMLMT,0,0.9816148288336497,0.01838517116635011
910,8627-EHGIP,0,0.9365385960605522,0.06346140393944762
911,6510-UPNKS,0,0.9372602410892275,0.06273975891077231
912,1642-HMARX,0,0.9648350674972188,0.035164932502781895
913,8080-POTJR,0,0.9192218414216606,0.08077815857833887
914,2192-CKRLV,0,0.945633622378188,0.054366377621811984
915,8739-QOTTN,0,0.6829010080472344,0.31709899195276575
916,9992-RRAMN,0,0.5598293511340949,0.4401706488659051
917,6402-SSEJG,0,0.9257771454518954,0.07422285454810446
918,0378-TOVMS,1,0.4581919355343684,0.5418080644656316
919,8496-EJAUI,0,0.5475952833080777,0.4524047166919224
920,7439-DKZTW,1,0.2817918216126166,0.7182081783873834
921,7802-EFKNY,0,0.7105583489994107,0.28944165100058916
922,7623-HKYRK,0,0.8456535525272784,0.1543464474727214
923,6810-VCAEX,0,0.9437596468024982,0.05624035319750182
924,1264-FUHCX,0,0.9392599949489463,0.060740005051053904
925,0594-UFTUL,0,0.8661287056708248,0.13387129432917486
926,7851-FLGGQ,0,0.5691120444790416,0.43088795552095843
927,7110-BDTWG,0,0.9672693186538407,0.03273068134615967
928,4526-EXKKN,0,0.9538346211793457,0.04616537882065395
929,7025-IWFHT,0,0.8419227104537095,0.15807728954629005
930,1663-MHLHE,0,0.5957165507916635,0.4042834492083365
931,9122-UMROB,0,0.5773833689754878,0.42261663102451213
932,5376-DEQCP,1,0.2875373375135688,0.7124626624864314
933,3325-FUYCG,0,0.7582697801833492,0.24173021981665038
934,6937-GCDGQ,0,0.9321877875750063,0.06781221242499354
935,9350-ZXYJC,0,0.881447805013182,0.11855219498681793
936,4079-ULGFR,0,0.8346206291543734,0.16537937084562618
937,9602-WCXPI,0,0.9702897429151197,0.02971025708487995
938,1207-BLKSA,0,0.9773796255719638,0.02262037442803596
939,3948-XHGNA,0,0.7782431993720502,0.2217568006279495
940,1428-IEDPR,0,0.7726839693061787,0.22731603069382092
941,7384-GHBPI,0,0.5836238063955227,0.4163761936044773
942,3771-PZOBW,0,0.524179859999127,0.475820140000873
943,0620-DLSLK,1,0.4318359725972256,0.5681640274027743
944,4952-YSOGZ,1,0.368549592911083,0.6314504070889171
945,7945-PRBVF,0,0.9663768757854428,0.033623124214556904
946,9620-QJREV,0,0.9722859488660337,0.02771405113396603
947,4625-EWPTF,0,0.7169456916139051,0.28305430838609485
948,9054-FOWNV,0,0.5585643311466685,0.4414356688533316
949,5461-QKNTN,0,0.6252864650422169,0.3747135349577831
950,2040-OBMLJ,0,0.8413046988497276,0.15869530115027225
951,7218-HKQFK,1,0.40988898943293994,0.59011101056706
952,9488-FYQAU,0,0.8396570249439038,0.16034297505609632
953,3966-HRMZA,1,0.3927453411746915,0.6072546588253086
954,7710-JSYOA,0,0.9293808852551314,0.07061911474486901
955,2694-CIUMO,1,0.450189616235722,0.5498103837642779
956,4565-NLZBV,0,0.9775679543212462,0.02243204567875394
957,2700-LUEVA,0,0.5679224883656804,0.4320775116343196
958,1984-GPTEH,0,0.7961408225241429,0.20385917747585686
959,7504-UWHNB,0,0.5790756110385966,0.4209243889614036
960,5186-SAMNZ,1,0.2684435846167012,0.7315564153832989
961,3584-WKTTW,0,0.7955663852780351,0.2044336147219646
962,2507-QZPQS,1,0.4552144382807869,0.5447855617192131
963,1334-PDUKM,0,0.8956866477986749,0.10431335220132545
964,4468-YDOVK,0,0.7102737629184788,0.2897262370815215
965,7826-VVKWT,0,0.7738073660927399,0.2261926339072598
966,9919-KNPOO,0,0.530783966442744,0.46921603355725616
967,7339-POGZN,0,0.6016007069614918,0.39839929303850796
968,1697-LYYYX,0,0.9814910802865527,0.018508919713447036
969,9938-PRCVK,0,0.9808759751252056,0.019124024874794393
970,5924-SNGKP,0,0.9730098913050819,0.026990108694918004
971,2103-ZRXFN,1,0.4966832495041358,0.5033167504958641
972,9658-WYUFB,1,0.4933615952907011,0.506638404709299
973,0829-DDVLK,0,0.9634033303792323,0.0365966696207673
974,4573-JKNAE,0,0.9655780277432061,0.03442197225679379
975,2969-QWUBZ,0,0.50137547218786,0.4986245278121399
976,2057-BOYKM,0,0.93519514513131,0.0648048548686901
977,8393-DLHGA,0,0.5555932126554659,0.444406787344534
978,5032-MIYKT,1,0.28594882076715733,0.7140511792328428
979,9828-AOQLM,0,0.5809051746842957,0.419094825315704
980,4795-WRNVT,0,0.8064673654453123,0.19353263455468725
981,2171-UDMFD,0,0.8801541912847445,0.11984580871525571
982,9512-PHSMG,0,0.8332916037822161,0.1667083962177833
983,7666-WKRON,0,0.845757476605187,0.15424252339481265
984,2984-AFWNC,1,0.3553437789656676,0.6446562210343326
985,2194-IIQOF,0,0.9757203117655711,0.02427968823442955
986,2575-GFSOE,0,0.5553037736161136,0.44469622638388623
987,5154-VEKBL,0,0.7574846590366888,0.24251534096331123
988,6762-QVYJO,0,0.9567020464647296,0.04329795353527056
989,7156-MHUGY,1,0.42629354311331136,0.5737064568866885
990,1728-BQDMA,0,0.5089996991131828,0.4910003008868171
991,7181-BQYBV,1,0.2937135817717631,0.7062864182282366
992,8020-BWHYL,1,0.4550960134919189,0.544903986508081
993,8773-HHUOZ,0,0.825590082990387,0.17440991700961295
994,1708-PBBOA,0,0.9309833526566105,0.06901664734338944
995,4704-ERYFC,0,0.5835387033323681,0.416461296667632
996,5502-RLUYV,0,0.610668723394674,0.38933127660532585
997,8388-DMKAE,0,0.961702836911085,0.03829716308891463
998,4351-QLCSU,1,0.48131105634302507,0.5186889436569747
999,6088-BXMRG,0,0.5339921387714401,0.4660078612285599
1000,1097-FSPVW,0,0.775080499299826,0.2249195007001736
1001,2234-EOFPT,0,0.9719678624235375,0.028032137576462987
1002,3675-EQOZA,0,0.7682302607149661,0.23176973928503364
1003,1231-YNDEK,0,0.9680408001163596,0.03195919988364007
1004,7242-QZLXF,0,0.5893192606737163,0.4106807393262836
1005,1580-BMCMR,0,0.5497381727754093,0.45026182722459085
1006,6559-RAKOZ,0,0.8007250507717428,0.19927494922825695
1007,2845-AFFTX,0,0.5302571597742011,0.46974284022579904
1008,0343-QLUZP,0,0.952647199518673,0.0473528004813268
1009,1707-HABPF,0,0.8328671896290527,0.16713281037094685
1010,3164-YAXFY,0,0.7876072419177932,0.21239275808220626
1011,6242-FEGFD,0,0.8807503780276721,0.11924962197232813
1012,7816-VGHTO,0,0.9399635875017033,0.06003641249829692
1013,7157-SMCFK,0,0.9754041462744185,0.024595853725581228
1014,4536-PLEQY,1,0.4262044091624844,0.5737955908375156
1015,1325-USMEC,0,0.8729775333783438,0.1270224666216564
1016,3243-ZHOHY,0,0.9630056790284869,0.036994320971512805
1017,5868-CZJDR,0,0.5650048769287391,0.4349951230712607
1018,9803-FTJCG,0,0.9763875123582172,0.02361248764178314
1019,2034-GDRCN,1,0.36205910886407977,0.6379408911359206
1020,0230-UBYPQ,0,0.9645581576029634,0.03544184239703695
1021,7853-GVUDZ,0,0.6869356244901033,0.3130643755098965
1022,7234-FECYN,1,0.34385596282159214,0.6561440371784077
1023,4188-PCPIG,0,0.9462430561191976,0.053756943880802543
1024,7579-KKLOE,0,0.9753866236823154,0.024613376317685186
1025,2522-AHJXR,0,0.7173852131662904,0.28261478683370933
1026,8106-GWQOK,0,0.9313564391917006,0.06864356080829928
1027,6712-OAWRH,0,0.588962427026833,0.4110375729731671
1028,5918-VUKWP,0,0.9674399256388152,0.03256007436118447
1029,2226-ICFDO,0,0.9786716562612393,0.021328343738761232
1030,4644-OBGFZ,0,0.9767924013240266,0.023207598675973346
1031,9522-BNTHX,0,0.7916953334129517,0.2083046665870479
1032,3090-QFUVD,0,0.5773833689754878,0.42261663102451213
1033,7601-GNDYK,0,0.9813073319633857,0.01869266803661431
1034,2300-RQGOI,0,0.9700670693170391,0.029932930682960587
1035,8725-JEDFD,0,0.6189813942478368,0.3810186057521631
1036,6469-MRVET,0,0.9105606135202986,0.08943938647970116
1037,1024-GUALD,0,0.547792787861982,0.452207212138018
1038,2636-SJDOU,0,0.8828325396009749,0.11716746039902538
1039,9504-DSHWM,0,0.8113201124030738,0.18867988759692614
1040,9146-JRIOX,0,0.8411644118182947,0.15883558818170487
1041,2955-PSXOE,0,0.5758889333634051,0.42411106663659487
1042,4948-WBBKL,0,0.54969218752732,0.4503078124726801
1043,1395-OFUWC,0,0.8450599692097377,0.15494003079026225
1044,7054-DMVAS,0,0.9320003671457373,0.06799963285426261
1045,0565-IYCGT,0,0.9641267714107709,0.03587322858922978
1046,1925-GMVBW,0,0.7682302607149661,0.23176973928503364
1047,3569-JFODW,0,0.976875665366888,0.023124334633112777
1048,3417-TSCIC,0,0.9441112661717598,0.05588873382823996
1049,0562-HKHML,0,0.985508166358017,0.014491833641982721
1050,6674-KVJHG,0,0.9255116140362702,0.07448838596372954
1051,1907-YLNYW,0,0.7591504091079245,0.24084959089207506
1052,5331-RGMTT,0,0.5683597657087744,0.43164023429122544
1053,5803-NQJZO,0,0.9744858784353363,0.02551412156466398
1054,7903-CMPEY,1,0.2768991924423028,0.7231008075576972
1055,2984-TBYKU,0,0.9193564413766121,0.08064355862338811
1056,3769-MHZNV,0,0.9810896905061263,0.01891030949387328
1057,6921-OZMFH,0,0.6711771944725367,0.3288228055274635
1058,2321-OMBXY,0,0.9356027053304703,0.0643972946695295
1059,4143-OOBWZ,1,0.3520622918609586,0.6479377081390413
1060,6116-RFVHN,0,0.5338979794205282,0.466102020579472
1061,9518-RWHZL,0,0.8295117292058426,0.17048827079415713
1062,0260-ZDLGK,0,0.7727880275912247,0.22721197240877525
1063,5647-URDKA,0,0.9723915237916296,0.027608476208370272
1064,7931-PXHFC,0,0.9245179860590711,0.07548201394092889
1065,2075-PUEPR,0,0.9762724254155744,0.02372757458442546
1066,3030-YZADT,0,0.7208225623012972,0.27917743769870274
1067,6284-KMNUF,0,0.8003826711809716,0.19961732881902797
1068,8347-GDTMP,0,0.9791097746560601,0.020890225343939427
1069,8384-FZBJK,0,0.5915682055297137,0.40843179447028616
1070,5893-PYOLZ,0,0.9419516422153503,0.058048357784649667
1071,2294-SALNE,0,0.8142312000063907,0.1857687999936091
1072,2190-BCXEC,0,0.6358569229884972,0.36414307701150284
1073,1043-YCUTE,0,0.9546007390563088,0.0453992609436909
1074,3646-ITDGM,0,0.9677991094691015,0.03220089053089799
1075,3099-OONVS,0,0.8243519560538283,0.175648043946172
1076,3985-HOYPM,0,0.9686398242920603,0.031360175707939406
1077,1215-VFYVK,0,0.6682148261086085,0.3317851738913916
1078,8208-EUMTE,0,0.9153845414098343,0.08461545859016568
1079,5006-MXVRN,0,0.9683541992874639,0.03164580071253583
1080,6184-DYUOB,0,0.7201343932187428,0.2798656067812571
1081,4018-KJYUY,0,0.8685640828394959,0.13143591716050396
1082,5343-SGUBI,0,0.8417065303877542,0.1582934696122455
1083,4187-CINZD,0,0.7718318769829723,0.22816812301702705
1084,5692-ICXLW,0,0.5515399311386558,0.4484600688613442
1085,7219-TLZHO,0,0.7838362982936679,0.21616370170633206
1086,2074-GUHPQ,0,0.5441401544343321,0.45585984556566794
1087,7463-IFMQU,0,0.9802162214892286,0.019783778510771163
1088,9074-KGVOX,0,0.8320293549813956,0.1679706450186043
1089,8309-PPCED,0,0.9202659678812019,0.07973403211879808
1090,4976-LNFVV,0,0.7899169344363031,0.21008306556369644
1091,9298-WGMRW,0,0.9278590472527803,0.07214095274721968
1092,3067-SVMTC,0,0.9627547151917447,0.03724528480825571
1093,2141-RRYGO,0,0.6467486819350478,0.35325131806495214
1094,3812-LRZIR,0,0.9773673006775006,0.022632699322499446
1095,8229-BUJHX,0,0.9838259984304542,0.01617400156954585
1096,2592-SEIFQ,0,0.567284449016477,0.4327155509835229
1097,6741-QRLUP,0,0.9560956010611457,0.04390439893885488
1098,4632-XJMEX,0,0.942014980035882,0.05798501996411822
1099,1621-YNCJH,0,0.759725236568093,0.24027476343190668
1100,7142-HVGBG,0,0.5338979794205282,0.466102020579472
1101,0612-RTZZA,0,0.505181150243494,0.4948188497565061
1102,2462-XIIJB,1,0.3304381346696641,0.6695618653303359
1103,9453-PATOS,0,0.9721476210894417,0.027852378910558792
1104,6047-SUHPR,0,0.9426636116339016,0.05733638836609816
1105,6288-CHQJB,0,0.938975614251916,0.06102438574808401
1106,3161-GETRM,0,0.5700803968267194,0.42991960317328065
1107,8966-KZXXA,0,0.9750438997647497,0.02495610023525031
1108,9133-AYJZG,0,0.5034705318531469,0.49652946814685317
1109,0187-QSXOE,1,0.3981957358789029,0.6018042641210973
1110,1268-ASBGA,1,0.4876264277952758,0.5123735722047242
1111,9565-DJPIB,1,0.3715496944905822,0.6284503055094179
1112,7338-ERIVA,0,0.9471782127289147,0.05282178727108519
1113,9283-LZQOH,1,0.4436530521518074,0.5563469478481928
1114,3078-ZKNTS,0,0.965855985394765,0.034144014605234724
1115,8486-AYEQH,0,0.554722384579115,0.44527761542088506
1116,5699-BNCAS,0,0.9701743770076198,0.029825622992380074
1117,4110-PFEUZ,1,0.25815964288918586,0.7418403571108142
1118,4654-ULTTN,0,0.9659812299271945,0.034018770072806036
1119,1925-LFCZZ,0,0.9362845383974718,0.06371546160252792
1120,6620-HVDUJ,0,0.8331349399399633,0.16686506006003676
1121,9916-AYHTC,0,0.970782308529528,0.029217691470471614
1122,1915-IOFGU,1,0.2875373375135688,0.7124626624864314
1123,9553-DLCLU,0,0.8744213370185695,0.1255786629814307
1124,4989-LIXVT,0,0.6004370048893972,0.39956299511060267
1125,5650-VDUDS,0,0.6543770464870147,0.34562295351298544
1126,7956-XQWGU,0,0.8431199984413685,0.15688000155863116
1127,2833-SLKDQ,1,0.48663955548679705,0.5133604445132028
1128,8685-WHQPW,0,0.5492890460362176,0.45071095396378236
1129,2661-GKBTK,0,0.9614319062071709,0.03856809379282969
1130,8647-SDTWQ,0,0.6199476680517986,0.38005233194820126
1131,8835-VSDSE,1,0.3859229975918975,0.6140770024081028
1132,7133-VBDCG,0,0.5864322347715448,0.41356776522845523
1133,9114-DPSIA,0,0.9794540127654576,0.020545987234543116
1134,3090-HAWSU,0,0.8245421458879991,0.1754578541120008
1135,0130-SXOUN,0,0.6304867365163258,0.3695132634836742
1136,9837-BMCLM,1,0.3831614402217014,0.6168385597782988
1137,9844-FELAJ,0,0.8808408095113598,0.11915919048864045
1138,4742-TXUEX,0,0.979762534910056,0.02023746508994375
1139,5793-YOLJN,0,0.9759189213440352,0.024081078655964375
1140,5651-CPDND,0,0.7208225623012972,0.27917743769870274
1141,5127-BZENZ,0,0.9400145147465433,0.05998548525345687
1142,5076-YVXCM,0,0.5528833154203167,0.44711668457968334
1143,6854-EXGSF,0,0.7325714352246183,0.26742856477538157
1144,6618-RYATB,1,0.2695579905570795,0.7304420094429203
1145,4525-VZCZG,0,0.7618434670459219,0.23815653295407768
1146,0708-SJDIS,0,0.8134519416255714,0.18654805837442862
1147,6242-MBHPK,0,0.5512190954872183,0.44878090451278174
1148,2576-HXMPA,0,0.5849780154200556,0.41502198457994444
1149,9778-OGKQZ,0,0.9782968236227911,0.021703176377209404
1150,8166-ZZTFS,0,0.9391265966284602,0.0608734033715401
1151,7550-WIQVA,0,0.7553128771255156,0.24468712287448408
1152,6807-SIWJI,0,0.7563605677888455,0.24363943221115403
1153,9408-HRXRK,0,0.5487416934425077,0.4512583065574924
1154,4402-FTBXC,0,0.6196973178438471,0.38030268215615287
1155,2877-VDUER,0,0.9526447323892551,0.047355267610744975
1156,4522-XRWWI,0,0.9306977599819872,0.06930224001801283
1157,5443-SCMKX,0,0.8096230822352163,0.19037691776478344
1158,2528-HFYZX,0,0.5237727521497042,0.4762272478502958
1159,4713-ZBURT,0,0.7792921519574848,0.2207078480425149
1160,5377-NDTOU,0,0.9753866236823154,0.024613376317685186
1161,1945-XISKS,0,0.9798146516821038,0.020185348317895823
1162,7774-OJSXI,0,0.7624066432082605,0.23759335679173899
1163,8709-KRDVL,0,0.5105611857203273,0.4894388142796728
1164,7874-ECPQJ,0,0.7779184851198964,0.22208151488010355
1165,7493-TPUWZ,1,0.2695579905570795,0.7304420094429203
1166,4537-CIBHB,0,0.9700924884289912,0.029907511571008624
1167,2937-FTHUR,0,0.8158122470077285,0.18418775299227175
1168,5310-NOOVA,0,0.970782308529528,0.029217691470471614
1169,7567-ECMCM,0,0.5864322347715448,0.41356776522845523
1170,2978-XXSOG,0,0.8109814848933345,0.18901851510666542
1171,1285-OKIPP,1,0.2817918216126166,0.7182081783873834
1172,1536-YHDOE,0,0.930665446051998,0.06933455394800199
1173,0324-BRPCJ,0,0.6066258049404386,0.3933741950595611
1174,8357-EQXFO,1,0.37243688022837923,0.6275631197716209
1175,2085-JVGAD,0,0.8680163997338997,0.13198360026610018
1176,6227-HWPWX,0,0.5850718109833286,0.4149281890166713
1177,3401-URHDA,0,0.9361741471342685,0.06382585286573166
1178,6034-YMTOB,1,0.45435085159368355,0.5456491484063164
1179,3351-NQLDI,0,0.895732130002996,0.10426786999700433
1180,0412-UCCNP,0,0.9391500985394963,0.060849901460503994
1181,5855-EIBDE,0,0.7576527146586832,0.24234728534131636
1182,0727-IWKVK,1,0.40646627648199685,0.5935337235180033
1183,6229-UOLQL,0,0.9575272879392794,0.04247271206072055
1184,4373-MAVJG,1,0.45518192771309485,0.544818072286905
1185,0730-KOAVE,0,0.5311449458684706,0.46885505413152934
1186,6568-POCUI,0,0.7891410786120516,0.21085892138794793
1187,6734-FQAJX,0,0.8078375337368491,0.19216246626315073
1188,4872-VXRIL,0,0.9422249474551552,0.05777505254484496
1189,3948-FVVRP,0,0.7574093175606258,0.24259068243937448
1190,1833-VGRUM,1,0.2749217584482543,0.7250782415517456
1191,9670-BPNXF,0,0.9313337569108612,0.06866624308913899
1192,7319-VENRZ,0,0.7639585134721333,0.23604148652786688
1193,4450-DLLMH,1,0.36582036085229547,0.6341796391477047
1194,5197-LQXXH,0,0.9760865302236617,0.023913469776338965
1195,0815-MFZGM,0,0.7850446135600283,0.21495538643997122
1196,1678-FYZOW,1,0.3796972539052566,0.6203027460947437
1197,6261-LHRTG,0,0.783725945228701,0.21627405477129852
1198,9435-JMLSX,0,0.9715856326471934,0.028414367352807023
1199,1385-TQOZW,0,0.814508695849761,0.18549130415023857
1200,7228-OMTPN,1,0.3843261004733278,0.6156738995266725
1201,6532-YLWSI,0,0.9683643002322248,0.03163569976777492
1202,4559-UWIHT,1,0.4228673116232926,0.5771326883767073
1203,5908-QMGOE,1,0.4453389055733396,0.5546610944266603
1204,8468-EHYJA,0,0.5812711971771765,0.4187288028228233
1205,6128-DAFVY,0,0.7859105536482451,0.21408944635175436
1206,5013-SBUIH,0,0.7694589659777423,0.2305410340222572
1207,8198-RKSZG,0,0.7661263064405075,0.23387369355949222
1208,8869-LIHMK,0,0.8392636478264389,0.16073635217356103
1209,4869-EPIUS,0,0.8439561470438648,0.1560438529561352
1210,1089-XZWHH,0,0.9770438452165061,0.022956154783493922
1211,0083-PIVIK,0,0.9560956010611457,0.04390439893885488
1212,6982-UQZLY,0,0.616634319671236,0.383365680328764
1213,9137-UIYPG,0,0.6403866048366528,0.35961339516334756
1214,2607-FBDFF,0,0.5667344695438005,0.43326553045619964
1215,0329-GTIAJ,1,0.4179435613642681,0.5820564386357321
1216,2018-QKYGT,1,0.3131765765016008,0.6868234234983991
1217,6016-LVTJQ,0,0.8902281332739785,0.10977186672602146
1218,0618-XWMSS,0,0.588933850963738,0.4110661490362621
1219,2696-RZVZW,0,0.9737015347576397,0.026298465242360368
1220,4873-ILOLJ,0,0.5859629390596031,0.41403706094039705
1221,6695-AMZUF,0,0.9705988126237116,0.02940118737628896
1222,4635-EJYPD,0,0.9807873560549335,0.019212643945066433
1223,8627-ZYGSZ,0,0.8392482065915218,0.16075179340847812
1224,1304-SEGFY,0,0.8992560437051512,0.10074395629484899
1225,1403-GYAFU,0,0.9844766299350873,0.015523370064912632
1226,5231-FIQPA,0,0.9700670693170391,0.029932930682960587
1227,2985-FMWYF,0,0.5372166435756038,0.46278335642439616
1228,0883-EIBTI,0,0.6485365890481407,0.35146341095185946
1229,1216-JWVUX,0,0.5782141904570426,0.4217858095429574
1230,6522-YRBXD,0,0.5483640545901204,0.45163594540987956
1231,1320-HTRDR,1,0.348103977561498,0.6518960224385022
1232,2346-LOCWC,0,0.9778972780550067,0.02210272194499306
1233,2616-FLVQC,0,0.9756208421862489,0.02437915781375077
1234,8592-PLTMQ,0,0.9530530674457917,0.046946932554208
1235,4951-UKAAQ,1,0.34878941341443415,0.6512105865855661
1236,9134-CEQMF,1,0.3981957358789029,0.6018042641210973
1237,3638-WEABW,0,0.9484283781700968,0.051571621829903595
1238,4859-ZSRDZ,0,0.9551151570351831,0.04488484296481696
1239,7665-VIGUD,0,0.9604813916896399,0.039518608310359846
1240,2665-NPTGL,0,0.5148595964308206,0.48514040356917953
1241,3205-MXZRA,0,0.9267746300281245,0.07322536997187537
1242,8242-PDSGJ,0,0.9695318279355373,0.03046817206446317
1243,5175-AOBHI,0,0.6050038705518629,0.3949961294481369
1244,5345-BMKWB,0,0.8349500461765524,0.1650499538234473
1245,8680-CGLTP,0,0.925611401744472,0.07438859825552804
1246,8039-EQPIM,0,0.963594878429602,0.0364051215703983
1247,0928-XUTSN,1,0.4318359725972256,0.5681640274027743
1248,9360-OMDZZ,0,0.5256294342397483,0.4743705657602517
1249,2363-BJLSL,0,0.8669321214997268,0.1330678785002733
1250,7159-FVYPK,0,0.6254708838000637,0.37452911619993634
1251,1627-AFWVJ,0,0.966640232372044,0.03335976762795573
1252,3709-OIJEA,0,0.8395171229607569,0.16048287703924263
1253,2725-TTRIQ,0,0.9775079900381849,0.022492009961815836
1254,3178-FESZO,1,0.2678388604668853,0.7321611395331145
1255,1596-BBVTG,0,0.5536211396547475,0.4463788603452526
1256,2073-QBVBI,0,0.940766413135907,0.05923358686409315
1257,8631-NBHFZ,0,0.9637904912059738,0.03620950879402682
1258,7975-JMZNT,0,0.9603284021452372,0.03967159785476349
1259,4826-XTSOH,1,0.27493338915511695,0.7250666108448831
1260,6502-MJQAE,1,0.253703769486873,0.7462962305131271
1261,0786-IVLAW,0,0.7987744928702649,0.20122550712973464
1262,8406-LNMHF,0,0.8473834179264229,0.15261658207357715
1263,4001-TSBTV,0,0.6310745955388,0.36892540446119987
1264,7698-YFGEZ,0,0.5798393055718418,0.4201606944281581
1265,2800-QQUSO,0,0.5582221038202725,0.44177789617972757
1266,0771-CHWSK,0,0.9378439055604046,0.06215609443959533
1267,3671-SHRSP,1,0.4276067086448755,0.5723932913551244
1268,2860-RANUS,0,0.5240183568037949,0.47598164319620506
1269,2253-KPMNB,0,0.9753206661954075,0.024679333804592862
1270,2380-DAMQP,0,0.9278590472527803,0.07214095274721968
1271,6614-VBEGU,0,0.8049906323038989,0.19500936769610086
1272,2931-VUVJN,0,0.8665935134165741,0.13340648658342608
1273,8402-OOOHJ,0,0.9683541992874639,0.03164580071253583
1274,9103-CXVOK,0,0.6874692697663956,0.31253073023360417
1275,1091-SOZGA,0,0.8163679131119924,0.18363208688800733
1276,5027-QPKTE,1,0.45605402394270583,0.5439459760572943
1277,3057-VJJQE,0,0.929266119450234,0.07073388054976569
1278,8943-URTMR,1,0.35361056476973474,0.6463894352302654
1279,7614-QVWQL,0,0.9511954179447107,0.04880458205528912
1280,2607-DHDAK,0,0.9829528728845197,0.01704712711548042
1281,8481-YYXWG,1,0.4517551291390558,0.5482448708609443
1282,9975-SKRNR,0,0.5957165507916635,0.4042834492083365
1283,7369-TRPFD,0,0.9642741813639859,0.03572581863601396
1284,3410-MHHUM,0,0.8164837127042022,0.18351628729579772
1285,7530-HDYDS,0,0.6568183042554208,0.3431816957445792
1286,9957-YODKZ,1,0.36286469000827326,0.6371353099917269
1287,5405-ZMYXQ,1,0.3861670752959889,0.6138329247040112
1288,3707-LRWZD,0,0.8341416007757948,0.16585839922420478
1289,1728-CXQBE,0,0.6301750077837422,0.36982499221625764
1290,6840-RESVB,0,0.9316019138751008,0.06839808612489945
1291,5025-GOOKI,0,0.836177083109086,0.16382291689091358
1292,0052-YNYOT,0,0.9743359592097928,0.02566404079020704
1293,7641-TQFHN,0,0.7548361224548485,0.2451638775451513
1294,0512-FLFDW,0,0.8205745188719082,0.17942548112809142
1295,1976-AZZPJ,0,0.7440719216183403,0.25592807838165954
1296,2082-OJVTK,0,0.5675973079753666,0.43240269202463355
1297,0266-GMEAO,0,0.9375881798907205,0.0624118201092794
1298,4742-DRORA,0,0.8494583649672066,0.1505416350327936
1299,1465-WCZVT,0,0.741801729512097,0.258198270487903
1300,4821-SJHJV,0,0.5700803968267194,0.42991960317328065
1301,0439-IFYUN,0,0.5491894392466714,0.4508105607533286
1302,4423-JWZJN,0,0.8857170569075004,0.11428294309250006
1303,5857-XRECV,0,0.9135462543144324,0.08645374568556764
1304,1265-XTECC,0,0.8744069105019302,0.12559308949807002
1305,4472-VESGY,0,0.5537733535986529,0.446226646401347
1306,1891-UAWWU,0,0.5349360976169069,0.4650639023830932
1307,9415-ZNBSX,0,0.9723217596317663,0.027678240368234408
1308,8824-RWFXJ,0,0.6266059694193042,0.3733940305806957
1309,3877-JRJIP,0,0.5333638035667022,0.4666361964332979
1310,3518-PZXZQ,0,0.530924488302744,0.4690755116972561
1311,2410-CIYFZ,0,0.6977614271280779,0.302238572871922
1312,5542-DHSXL,0,0.6420753167865629,0.35792468321343696
1313,0104-PPXDV,0,0.9412111402370422,0.058788859762957564
1314,2192-OZITF,0,0.930546521381346,0.06945347861865406
1315,9206-GVPEQ,0,0.7505882668861982,0.24941173311380171
1316,5399-ZIMKF,1,0.39477203044875203,0.6052279695512481
1317,1567-DSCIC,1,0.35020385203503634,0.6497961479649637
1318,0959-WHOKV,0,0.7981493755109534,0.2018506244890461
1319,5494-HECPR,1,0.2817918216126166,0.7182081783873834
1320,1622-HSHSF,0,0.5849780154200556,0.41502198457994444
1321,6425-JWTDV,0,0.9740463527618133,0.025953647238186554
1322,1987-AUELQ,0,0.9753289120466846,0.024671087953315546
1323,7963-GQRMY,0,0.6221091128500941,0.3778908871499058
1324,0384-LPITE,0,0.929936495498111,0.07006350450188888
1325,9610-WCESF,0,0.958424037154674,0.04157596284532625
1326,9415-TPKRV,0,0.7654328562439838,0.2345671437560162
1327,0742-NXBGR,1,0.2839528789773802,0.7160471210226197
1328,8990-YOZLV,0,0.9653040865246213,0.03469591347537905
1329,9518-XXBXE,1,0.4235893728766114,0.5764106271233888
1330,6135-OZQVA,0,0.712820303189961,0.28717969681003874
1331,3161-ONRWK,0,0.9626495306879559,0.03735046931204425
1332,7011-CVEUC,0,0.6256036139574058,0.37439638604259423
1333,5570-PTWEH,1,0.34801309287795407,0.6519869071220461
1334,4686-GEFRM,0,0.9013891631671359,0.09861083683286448
1335,6114-TCFID,0,0.9383140685290468,0.06168593147095324
1336,1867-BDVFH,1,0.433707027668667,0.566292972331333
1337,4797-AXPXK,0,0.6275132349186012,0.3724867650813987
1338,0060-FUALY,0,0.603561891842118,0.396438108157882
1339,9766-HGEDE,0,0.9692119328665839,0.0307880671334159
1340,5686-CMAWK,0,0.7740659419000295,0.2259340580999702
1341,7531-GQHME,0,0.8185755576968701,0.18142444230312937
1342,4778-IZARL,0,0.8372632232858338,0.16273677671416617
1343,0997-YTLNY,0,0.8219624329605891,0.1780375670394111
1344,6127-ISGTU,1,0.4876264277952758,0.5123735722047242
1345,7691-XVTZH,0,0.8973633025091585,0.10263669749084188
1346,7971-HLVXI,0,0.9159185283841424,0.08408147161585781
1347,5816-QVHRX,0,0.5606212973686595,0.43937870263134043
1348,9962-BFPDU,0,0.6869356244901033,0.3130643755098965
1349,5453-YBTWV,0,0.8999166895459664,0.10008331045403399
1350,8076-FEZKJ,0,0.9619244901963414,0.03807550980365835
1351,4695-WJZUE,1,0.32610257626917344,0.6738974237308267
1352,5685-IIXLY,1,0.4079771206256803,0.5920228793743199
1353,6968-URWQU,0,0.9358788175674557,0.06412118243254414
1354,5939-XAIXZ,0,0.7932616906079079,0.20673830939209176
1355,7130-CTCUS,0,0.7887088532540487,0.21129114674595065
1356,0772-GYEQQ,1,0.45862047359088054,0.5413795264091195
1357,5010-IPEAQ,0,0.9566177907426956,0.043382209257304384
1358,2478-EEWWM,0,0.8087243442942805,0.19127565570571917
1359,2748-MYRVK,0,0.8332397111378882,0.16676028886211164
1360,3831-YCPUO,0,0.9220333333691504,0.07796666663084986
1361,8929-KSWIH,0,0.7753056804553853,0.22469431954461402
1362,0839-JTCUD,0,0.9624878289709904,0.03751217102901036
1363,7305-ZWMAJ,0,0.9708581402273171,0.029141859772682736
1364,7469-LKBCI,0,0.9603212277433758,0.039678772256623945
1365,3716-UVSPD,0,0.5608085436178746,0.43919145638212553
1366,4801-KFYKL,0,0.8383475651974733,0.16165243480252656
1367,1374-DMZUI,1,0.32307520867891965,0.6769247913210803
1368,0866-QLSIR,0,0.9239599309277637,0.07604006907223615
1369,1970-KKFWL,0,0.9592037002367653,0.04079629976323443
1370,8224-DWCKX,1,0.4313484898949758,0.5686515101050242
1371,3755-JBMNH,1,0.4834562487768097,0.5165437512231903
1372,9499-XPZXM,0,0.9701960230471497,0.029803976952850652
1373,4049-ZPALD,0,0.8466078450018331,0.15339215499816714
1374,3393-FMZPV,0,0.502752331961118,0.497247668038882
1375,9178-JHUVJ,0,0.9724513541373591,0.02754864586264094
1376,5397-NSKQG,0,0.9567219378357298,0.043278062164270284
1377,4626-OZDTJ,0,0.943334347576466,0.05666565242353419
1378,0895-LMRSF,0,0.9257771454518954,0.07422285454810446
1379,2252-NKNSI,0,0.9316068939025236,0.06839310609747687
1380,9867-NNXLC,0,0.8477738172398489,0.15222618276015057
1381,2474-BRUCM,0,0.5338979794205282,0.466102020579472
1382,5160-UXJED,0,0.9390599562800517,0.06094004371994812
1383,2796-UUZZO,0,0.6474998611408198,0.35250013885918013
1384,7361-YPXFS,0,0.8190525883572317,0.18094741164276842
1385,5939-SXWHM,0,0.972232299160883,0.0277677008391172
1386,3621-CEOVK,1,0.38733600676812574,0.6126639932318741
1387,4580-TMHJU,0,0.8335877587598602,0.16641224124013984
1388,3194-ORPIK,0,0.5714613831824559,0.42853861681754407
1389,9084-OAYKL,0,0.9674863556781682,0.03251364432183133
1390,9842-EFSYY,0,0.6692486489576985,0.33075135104230136
1391,1548-FEHVL,0,0.6215286207388323,0.37847137926116753
1392,2498-XLDZR,0,0.9361181532331031,0.0638818467668968
1393,6231-WFGFH,0,0.7861353046170645,0.21386469538293554
1394,1635-NZATJ,0,0.9749209120804264,0.025079087919573806
1395,2882-DDZPG,0,0.8185755576968701,0.18142444230312937
1396,3070-BDOQC,0,0.8196999675256285,0.18030003247437118
1397,0121-SNYRK,0,0.9423049842777804,0.057695015722219585
1398,1905-OEILC,0,0.5849780154200556,0.41502198457994444
1399,7743-EXURX,0,0.7912964511248504,0.20870354887514972
1400,4342-HENTK,1,0.3675871746817777,0.6324128253182224
1401,7872-BAAZR,0,0.9777539723261189,0.022246027673881
1402,9191-MYQKX,1,0.41467292947047424,0.585327070529526
1403,4248-HCETZ,0,0.588742857335004,0.411257142664996
1404,5376-PCKNB,0,0.8618177538285484,0.1381822461714515
1405,7892-POOKP,0,0.5704395998937973,0.4295604001062026
1406,8245-UMPYT,1,0.43306898255836435,0.5669310174416355
1407,3764-MNMOI,0,0.9696238829381442,0.030376117061855598
1408,2311-QYMUQ,1,0.4994099887933389,0.5005900112066611
1409,6010-DDPPW,0,0.9764906733635337,0.023509326636466224
1410,5916-QEWPT,0,0.5795810853191001,0.42041891468089987
1411,2957-JIRMN,0,0.8808717552872493,0.1191282447127509
1412,5196-SGOAK,1,0.2873311507257956,0.7126688492742045
1413,9490-DFPMD,0,0.5504086777246938,0.44959132227530624
1414,1131-SUEKT,0,0.8837705160509988,0.11622948394900141
1415,6828-HMKWP,0,0.9637735083689214,0.03622649163107855
1416,1619-YWUBB,0,0.970225225530707,0.02977477446929304
1417,1577-HKTFG,0,0.8653473304333112,0.1346526695666883
1418,3339-EAQNV,0,0.8992560437051512,0.10074395629484899
1419,9227-UAQFT,0,0.9629293431506243,0.0370706568493754
1420,0440-QEXBZ,0,0.7778325660178892,0.22216743398211036
1421,3211-AAPKX,0,0.5475051175963901,0.45249488240361
1422,6029-CSMJE,0,0.7978028833767513,0.20219711662324819
1423,9917-KWRBE,0,0.9266513383360803,0.07334866166391989
1424,2956-GGUCQ,0,0.5651611584910934,0.43483884150890667
1425,6736-DHUQI,0,0.8896091239170807,0.1103908760829197
1426,2732-ISEZX,0,0.7682302607149661,0.23176973928503364
1427,6038-GCYEC,0,0.7766973554634207,0.22330264453657894
1428,7427-AUFPY,0,0.9662096191394107,0.0337903808605889
1429,7161-DFHUF,0,0.9801737313005421,0.019826268699457597
1430,0824-VWDPO,0,0.7955107233869536,0.2044892766130458
1431,8735-DCXNF,0,0.7418201979083685,0.2581798020916315
1432,5315-CKEQK,0,0.9342089503102816,0.06579104968971845
1433,9777-IQHWP,0,0.8802068533343294,0.11979314666567109
1434,5656-MJEFC,0,0.9426030219585416,0.05739697804145845
1435,2181-TIDSV,0,0.984291844765434,0.015708155234565785
1436,9626-WEQRM,0,0.645082095570919,0.3549179044290809
1437,9965-YOKZB,1,0.38844573029411167,0.6115542697058884
1438,1478-VPOAD,1,0.4938844534459807,0.5061155465540191
1439,3458-IDMFK,0,0.9619563521033622,0.03804364789663751
1440,3082-YVEKW,0,0.9324660144138108,0.0675339855861893
1441,1291-CUOCY,0,0.9202659678812019,0.07973403211879808
1442,3376-BMGFE,1,0.39971437296960155,0.6002856270303987
1443,9809-IMGCQ,0,0.5133856544445117,0.48661434555548844
1444,2433-KMEAS,0,0.7788029443730526,0.22119705562694694
1445,3915-ODIYG,0,0.9384028354408801,0.061597164559119844
1446,7209-JCUDS,1,0.3884388091537177,0.6115611908462825
1447,6474-FVJLC,1,0.32610257626917344,0.6738974237308267
1448,1937-OTUKY,0,0.9324560871612904,0.0675439128387097
1449,2126-GSEGL,0,0.9731532510959287,0.026846748904072015
1450,1429-UYJSV,0,0.9641562434527766,0.03584375654722302
1451,6701-DHKWQ,0,0.9660362744275044,0.033963725572495704
1452,7036-TYDEC,0,0.8503651498784809,0.149634850121519
1453,8152-UOBNY,0,0.7564467256244817,0.24355327437551788
1454,5995-OIGLP,0,0.7598573260305302,0.2401426739694698
1455,9605-WGJVW,1,0.2851235444101205,0.7148764555898794
1456,4818-DRBQT,0,0.5640637915865249,0.43593620841347513
1457,8782-LKFPK,0,0.5504386862142884,0.44956131378571174
1458,3707-GNWHM,1,0.27308684383724857,0.7269131561627513
1459,2538-OIMXF,0,0.5819327673902716,0.41806723260972833
1460,7422-WNBTY,0,0.5619509067717685,0.4380490932282315
1461,9039-ZVJDC,0,0.6875751631913741,0.31242483680862604
1462,7061-OVMIM,0,0.97926478694836,0.020735213051639702
1463,9788-HNGUT,0,0.9210885206370069,0.07891147936299317
1464,0727-BMPLR,0,0.7908837891476029,0.20911621085239626
1465,1371-OJCEK,0,0.9551730641367843,0.04482693586321539
1466,0347-UBKUZ,0,0.8231997148348635,0.17680028516513574
1467,8259-DZLIZ,0,0.9387604010116648,0.06123959898833532
1468,5047-LHVLY,0,0.5596094510605053,0.44039054893949464
1469,2499-AJYUA,0,0.9202659678812019,0.07973403211879808
1470,5414-OFQCB,0,0.8896150223096558,0.1103849776903442
1471,1575-KRZZE,0,0.6125728990728537,0.3874271009271461
1472,3262-EIDHV,0,0.9775079900381849,0.022492009961815836
1473,7182-OVLBJ,0,0.8285756148040326,0.17142438519596737
1474,7547-EKNFS,0,0.5467310258563413,0.45326897414365874
1475,6035-BXTTY,0,0.8115736142063141,0.18842638579368573
1476,5149-CUZUJ,0,0.8196268417058361,0.18037315829416353
1477,4549-ZDQYY,0,0.9366099638855855,0.0633900361144148
1478,6591-QGOYB,0,0.50743495192461,0.49256504807539003
1479,4443-EMBNA,0,0.9729269286802205,0.027073071319779582
1480,8189-XRIKE,0,0.590766041387693,0.40923395861230716
1481,1414-YADCW,0,0.9314331497435756,0.06856685025642476
1482,1406-PUQVY,0,0.5596094510605053,0.44039054893949464
1483,1206-EHBDD,0,0.8439561470438648,0.1560438529561352
1484,1174-FGIFN,0,0.8342629278734575,0.1657370721265425
1485,9828-QHFBK,0,0.7766973554634207,0.22330264453657894
1486,9891-NQDBD,0,0.959695629922775,0.04030437007722485
1487,6874-SGLHU,0,0.7856570206084306,0.214342979391569
1488,7486-KSRVI,0,0.7910291289976601,0.20897087100233935
1489,0178-CIIKR,0,0.6716198643123795,0.32838013568762064
1490,4291-SHSBH,1,0.42723242871368505,0.5727675712863153
1491,6976-BWGLQ,0,0.9823842035078091,0.01761579649219073
1492,0420-HLGXF,0,0.5105611857203273,0.4894388142796728
1493,3050-GBUSH,0,0.537485476543488,0.46251452345651217
1494,3261-CQXOL,0,0.9822143797904274,0.017785620209572667
1495,2012-NWRPA,1,0.35534526192190385,0.6446547380780959
1496,7190-XHTWJ,0,0.969164560806384,0.030835439193615817
1497,3538-WZPHD,0,0.5707837513979741,0.4292162486020258
1498,3323-CPBWR,0,0.5734425528910969,0.426557447108903
1499,3567-PQTSO,0,0.757058144649268,0.24294185535073168
1500,7277-OZCGZ,0,0.645343802426658,0.3546561975733419
1501,4910-AQFFX,1,0.41398630346151416,0.5860136965384859
1502,6621-YOBKI,0,0.7710036948587929,0.22899630514120686
1503,5380-XPJNZ,0,0.9700670693170391,0.029932930682960587
1504,4316-XCSLJ,0,0.8083027278278762,0.19169727217212376
1505,7868-TMWMZ,0,0.8226979853006218,0.17730201469937815
1506,8651-ENBZX,0,0.8024677330967493,0.1975322669032504
1507,7409-JURKQ,0,0.7930392052854027,0.20696079471459694
1508,5442-XSDCW,1,0.4585744636333555,0.5414255363666445
1509,1569-TTNYJ,1,0.3555641767098346,0.6444358232901655
1510,5605-XNWEN,0,0.9723639864513567,0.02763601354864323
1511,5787-KXGIY,0,0.9801779458657589,0.019822054134240943
1512,9821-POOTN,0,0.568958972533637,0.4310410274663629
1513,7017-VFULY,0,0.6853569446435884,0.3146430553564117
1514,6869-FGJJC,0,0.89072606297032,0.1092739370296802
1515,7079-QRCBC,0,0.5024588946071242,0.4975411053928758
1516,4822-YCXMX,0,0.5489938989875689,0.4510061010124312
1517,3811-VBYBZ,1,0.33729137512883617,0.6627086248711638
1518,9894-QMIMJ,0,0.9281857263981728,0.07181427360182718
1519,0484-JPBRU,0,0.796229759170679,0.20377024082932088
1520,3518-FSTWG,0,0.87648260173675,0.12351739826325009
1521,5201-CBWYG,0,0.976184189197544,0.023815810802456015
1522,1545-ACTAS,0,0.7934760681316413,0.20652393186835852
1523,2519-TWKFS,0,0.9219256686394469,0.07807433136055306
1524,9046-DQMTP,0,0.846348982055231,0.15365101794476854
1525,3214-IYUUQ,0,0.8980058472192549,0.10199415278074549
1526,3170-GWYKC,0,0.6980312546397119,0.3019687453602881
1527,2056-EVGZL,0,0.8728478235134709,0.12715217648652932
1528,9588-YRFHY,0,0.9708946680800898,0.029105331919909817
1529,6617-WLBQC,0,0.8405559415635997,0.15944405843640022
1530,7602-DBTOU,0,0.9796104318338615,0.020389568166138163
1531,2486-WYVVE,0,0.9287748530712667,0.07122514692873338
1532,0678-RLHVP,0,0.7245693488804248,0.2754306511195749
1533,2135-DQWAQ,1,0.3801278387238083,0.6198721612761919
1534,4566-QVRRW,0,0.762521894375845,0.2374781056241545
1535,7619-PLRLP,0,0.9166030206579815,0.08339697934201848
1536,3223-WZWJM,0,0.5496851924708333,0.45031480752916686
1537,3197-ARFOY,0,0.5461640162249329,0.45383598377506706
1538,3338-CVVEH,1,0.3762562557768906,0.6237437442231094
1539,7718-UPSKJ,0,0.8613911343643101,0.13860886563568978
1540,8838-GPHZP,0,0.9739462477801435,0.026053752219856226
1541,9696-RMYBA,1,0.37993258464623053,0.6200674153537696
1542,1480-BKXGA,0,0.9236911571718467,0.07630884282815326
1543,9448-REEVD,0,0.5339046734896646,0.4660953265103353
1544,0939-EREMR,0,0.7704368619958991,0.22956313800410125
1545,3795-CAWEX,0,0.8901380760035624,0.1098619239964374
1546,6583-SZVGP,0,0.7453720121633863,0.2546279878366132
1547,4929-XIHVW,1,0.35488082775127844,0.645119172248722
1548,8603-IJWDN,1,0.26759218726989364,0.7324078127301062
1549,3556-BVQGL,0,0.9705172995354269,0.029482700464572832
1550,0419-YAAPX,0,0.5907673650307718,0.40923263496922824
1551,5307-UVGNB,0,0.8336885101392203,0.16631148986077982
1552,6877-LGWXO,0,0.537200016218323,0.46279998378167697
1553,8510-BBWMU,0,0.9699907334391766,0.03000926656082318
1554,7854-EDSSA,0,0.7997545056504891,0.20024549434951058
1555,4837-PZTIC,0,0.9405217905198807,0.05947820948011924
1556,3605-JISKB,0,0.9300682443335851,0.06993175566641492
1557,4282-ACRXS,0,0.8264213318914263,0.17357866810857345
1558,8859-AXJZP,0,0.9788269318116236,0.021173068188376356
1559,1855-AGAWH,0,0.7883808930333472,0.21161910696665237
1560,6212-ATMLK,0,0.522822254257638,0.4771777457423621
1561,3896-ZVNET,0,0.9712898810495403,0.028710118950459638
1562,5056-FIMPT,0,0.723348759626233,0.2766512403737666
1563,0668-OGMHD,0,0.8152149153504031,0.1847850846495966
1564,2619-WFQWU,1,0.2851235444101205,0.7148764555898794
1565,0670-ANMUU,0,0.9059533350013244,0.09404666499867595
1566,1257-SXUXQ,0,0.8080264199445206,0.19197358005547938
1567,5847-MXBEO,0,0.9660859714261059,0.03391402857389384
1568,5839-SUYVZ,0,0.5400951338827121,0.4599048661172877
1569,6876-ADESB,0,0.5596094510605053,0.44039054893949464
1570,2773-OVBPK,0,0.8452066190714767,0.1547933809285234
1571,5075-JSDKI,0,0.9592488071765582,0.0407511928234415
1572,2371-KFUOG,0,0.7941705967555132,0.2058294032444862
1573,0516-WJVXC,0,0.6847594106804844,0.3152405893195158
1574,9173-IVZVP,0,0.976880492346128,0.023119507653872034
1575,6110-OHIHY,1,0.38205520240493734,0.6179447975950629
1576,5375-XLDOF,0,0.8922470441045752,0.10775295589542473
1577,1833-TCXKK,0,0.5750384437559443,0.42496155624405574
1578,8875-AKBYH,0,0.5271493394767623,0.4728506605232377
1579,4945-RVMTE,0,0.806208319639215,0.1937916803607844
1580,7105-MXJLL,0,0.9319105110531959,0.06808948894680382
1581,2874-YXVVA,0,0.6008724769603705,0.39912752303962945
1582,8224-IVVPA,0,0.7970072765750358,0.20299272342496383
1583,0141-YEAYS,0,0.5488624042818314,0.45113759571816864
1584,4248-QPAVC,0,0.5183117079791651,0.48168829202083485
1585,6371-NZYEG,0,0.9240124032159877,0.07598759678401212
1586,3012-VFFMN,0,0.8633707245998827,0.1366292754001167
1587,2649-HWLYB,0,0.9618338829578339,0.038166117042167
1588,2675-IJRGJ,0,0.9661689811868128,0.03383101881318691
1589,1768-ZAIFU,0,0.505181150243494,0.4948188497565061
1590,8401-EMUWF,0,0.8290199171795948,0.17098008282040525
1591,8904-OPDCK,0,0.8289511220481752,0.17104887795182447
1592,0842-IWYCP,0,0.7792715145733401,0.22072848542665963
1593,3519-ZKXGG,1,0.3492551326223308,0.6507448673776693
1594,6223-DHJGV,0,0.9683541992874639,0.03164580071253583
1595,1193-RTSLK,0,0.5882358491324048,0.4117641508675953
1596,0455-XFASS,1,0.43036318939991314,0.5696368106000872
1597,6202-DYYFX,0,0.8319452789755014,0.16805472102449798
1598,2546-KZAAT,0,0.9269919759314298,0.07300802406856982
1599,8016-NCFVO,0,0.6664768848015978,0.33352311519840183
1600,8821-KVZKQ,0,0.9679565138778724,0.032043486122127936
1601,7137-NAXML,0,0.9660859714261059,0.03391402857389384
1602,4891-NLUBA,0,0.9631752069431961,0.03682479305680411
1603,6368-NWMCE,0,0.819885290168533,0.18011470983146713
1604,7576-OYWBN,1,0.3475120811948989,0.6524879188051013
1605,3426-NIYYL,0,0.7440705633234418,0.25592943667655776
1606,8910-LEDAG,0,0.5691364921888643,0.43086350781113564
1607,5067-DGXLL,0,0.6394475069914902,0.3605524930085099
1608,3537-RYBHH,0,0.8259126002933249,0.1740873997066746
1609,3891-PUQOD,0,0.5912800815445317,0.40871991845546823
1610,1625-JAIIY,0,0.9065372503044182,0.09346274969558209
1611,3247-ZVOUO,1,0.3769655743639362,0.6230344256360639
1612,3428-MMGUB,0,0.8688812548890955,0.1311187451109045
1613,1930-WNXSB,0,0.6277875668811831,0.37221243311881674
1614,0963-ZBDRN,0,0.627977605052117,0.3720223949478829
1615,9351-LZYGF,0,0.8283759303040152,0.17162406969598462
1616,6475-VHUIZ,0,0.7977154227877076,0.2022845772122923
1617,2262-SLNVK,1,0.27027597410969245,0.7297240258903076
1618,8565-CLBZW,0,0.5460244195099335,0.45397558049006653
1619,2969-VAPYH,0,0.9533679984933352,0.04663200150666521
1620,9715-SBVSU,0,0.922551697135613,0.07744830286438689
1621,0281-CNTZX,0,0.9791480502795301,0.020851949720469647
1622,3295-YVUSR,1,0.32981482747109625,0.6701851725289041
1623,9708-KFDBY,0,0.5679224883656804,0.4320775116343196
1624,5387-ASZNZ,0,0.9555091367807083,0.044490863219292166
1625,5066-GFJMM,0,0.7173280206697232,0.28267197933027677
1626,3721-WKIIL,0,0.9697599742599745,0.030240025740025215
1627,6437-UDQJM,0,0.9510335683248939,0.048966431675106295
1628,4534-WGCIR,0,0.9707301243543749,0.029269875645625124
1629,7123-WQUHX,0,0.798055850315757,0.20194414968424265
1630,9743-DQKQW,0,0.567284449016477,0.4327155509835229
1631,8727-JQFHV,0,0.9766810618387903,0.023318938161209272
1632,7480-SPLEF,0,0.9813873637260819,0.01861263627391802
1633,8069-RHUXK,0,0.9710871226210739,0.028912877378926276
1634,8224-KDLKN,0,0.9823842035078091,0.01761579649219073
1635,7560-QRBXH,0,0.9731977044694946,0.02680229553050522
1636,3982-DQLUS,0,0.6382349821575385,0.36176501784246134
1637,4855-SNKMY,1,0.4938844534459807,0.5061155465540191
1638,7951-QKZPL,0,0.9770092512662439,0.022990748733756047
1639,7978-DKUQH,0,0.5702814015904324,0.42971859840956766
1640,4250-ZBWLV,0,0.8420802726635621,0.15791972733643797
1641,7102-JJVTX,0,0.9295276994444531,0.07047230055554687
1642,7690-KPNCU,0,0.936596926808761,0.06340307319123899
1643,4678-DVQEO,0,0.5556339122892712,0.44436608771072905
1644,5214-NLTIT,0,0.9083393131608583,0.09166068683914197
1645,8205-VSLRB,0,0.9725833029094002,0.02741669709060051
1646,7410-YTJIK,1,0.3783298099077927,0.6216701900922075
1647,9481-SFCQY,0,0.8022752920329677,0.19772470796703231
1648,5600-KTXFM,1,0.4006749884778121,0.5993250115221881
1649,6981-TDRFT,0,0.936922178053966,0.06307782194603405
1650,9786-YWNHU,0,0.9631752069431961,0.03682479305680411
1651,2482-CZGBB,1,0.4298063982925398,0.5701936017074604
1652,4946-EDSEW,0,0.8412554755253221,0.15874452447467785
1653,7021-XSNYE,0,0.9297705906831463,0.07022940931685379
1654,6023-GSSXW,0,0.9530247472551384,0.04697525274486176
1655,0282-NVSJS,0,0.7795354121619438,0.22046458783805645
1656,8169-SAEJD,0,0.952158995709218,0.0478410042907822
1657,5626-MGTUK,0,0.5240183568037949,0.47598164319620506
1658,0887-HJGAR,1,0.48663955548679705,0.5133604445132028
1659,2696-ECXKC,0,0.8017790266045394,0.19822097339546027
1660,9277-JOOMO,0,0.5874664972211051,0.4125335027788947
1661,4471-KXAUH,0,0.6331851274892808,0.366814872510719
1662,3191-CSNMG,1,0.40743897866084255,0.5925610213391578
1663,1656-DRSMG,0,0.6872134571544001,0.31278654284559937
1664,4396-KLSEH,0,0.7496203669332518,0.2503796330667477
1665,8374-XGEJJ,0,0.5338979794205282,0.466102020579472
1666,7240-FQLHE,0,0.5119171133793234,0.4880828866206767
1667,3763-GCZHZ,0,0.8435146725586123,0.1564853274413877
1668,3995-WFCSM,0,0.5508248188025956,0.44917518119740457
1669,5052-PNLOS,1,0.3336147834339329,0.666385216566067
1670,8849-PRIQJ,0,0.8654649694074728,0.13453503059252747
1671,2320-TZRRH,0,0.9673613744595564,0.03263862554044337
1672,2947-DOMLJ,0,0.5562940113877037,0.44370598861229626
1673,0356-ERHVT,0,0.7639476429698564,0.23605235703014324
1674,8070-AAWZP,0,0.800094158880405,0.1999058411195948
1675,3137-NYQQI,0,0.9215687477206939,0.07843125227930564
1676,0139-IVFJG,1,0.38869538202974946,0.6113046179702509
1677,3179-GBRWV,0,0.8240038082766901,0.1759961917233097
1678,9565-FLVCG,0,0.9290418258873199,0.07095817411268045
1679,5440-FLBQG,0,0.8626814648978651,0.13731853510213507
1680,6103-LIANB,0,0.8315117951022175,0.1684882048977824
1681,1636-NTNCO,0,0.6081007783310846,0.3918992216689153
1682,8035-BUYVG,0,0.9413759491307926,0.05862405086920737
1683,9904-EHEVJ,0,0.5700803968267194,0.42991960317328065
1684,7730-IUTDZ,0,0.5850528713723778,0.4149471286276223
1685,1335-MXCSE,0,0.9461472092046117,0.05385279079538848
1686,6352-GIGGQ,0,0.9557504817335111,0.04424951826648935
1687,2332-EFBJY,0,0.8346206291543734,0.16537937084562618
1688,0856-NAOES,0,0.7594814066128354,0.24051859338716455
1689,8690-UPCZI,0,0.9352819910418312,0.06471800895816884
1690,4749-OJKQU,1,0.35209099828241064,0.6479090017175895
